gbifID,datasetKey,occurrenceID,kingdom,phylum,class,order,family,genus,species,infraspecificEpithet,taxonRank,scientificName,verbatimScientificName,verbatimScientificNameAuthorship,countryCode,locality,stateProvince,occurrenceStatus,individualCount,publishingOrgKey,decimalLatitude,decimalLongitude,coordinateUncertaintyInMeters,coordinatePrecision,elevation,elevationAccuracy,depth,depthAccuracy,eventDate,day,month,year,taxonKey,speciesKey,basisOfRecord,institutionCode,collectionCode,catalogNumber,recordNumber,identifiedBy,dateIdentified,license,rightsHolder,recordedBy,typeStatus,establishmentMeans,lastInterpreted,mediaType,issue
4054857892,50c9509d-22c7-4a22-a47d-8c48425ef4a7,https://www.inaturalist.org/observations/150161114,Animalia,Chordata,Aves,Sphenisciformes,Spheniscidae,Eudyptes,Eudyptes robustus,,SPECIES,"Eudyptes robustus Oliver, 1953",Eudyptes robustus,,NZ,,Southland,PRESENT,NA,28eb1a3f-1c15-4a95-931a-4af90ecb574d,-48.050162,166.770312,26743,NA,NA,NA,NA,NA,2023-02-04T16:15:03Z,4,2,2023,2481644,2481644,HUMAN_OBSERVATION,iNaturalist,Observations,150161114,,john_early,2023-03-04T00:04:32Z,CC_BY_NC_4_0,Ester Serrao,Ester Serrao,NA,,2023-04-19T13:21:29Z,StillImage,COORDINATE_ROUNDED
4054753880,50c9509d-22c7-4a22-a47d-8c48425ef4a7,https://www.inaturalist.org/observations/150161118,Animalia,Chordata,Aves,Sphenisciformes,Spheniscidae,Eudyptes,Eudyptes robustus,,SPECIES,"Eudyptes robustus Oliver, 1953",Eudyptes robustus,,NZ,,Southland,PRESENT,NA,28eb1a3f-1c15-4a95-931a-4af90ecb574d,-48.191943,166.732939,26743,NA,NA,NA,NA,NA,2023-02-04T16:11:39Z,4,2,2023,2481644,2481644,HUMAN_OBSERVATION,iNaturalist,Observations,150161118,,john_early,2023-03-04T00:05:06Z,CC_BY_NC_4_0,Ester Serrao,Ester Serrao,NA,,2023-04-19T13:19:23Z,StillImage,COORDINATE_ROUNDED
4028774895,50c9509d-22c7-4a22-a47d-8c48425ef4a7,https://www.inaturalist.org/observations/147819451,Animalia,Chordata,Aves,Sphenisciformes,Spheniscidae,Eudyptes,Eudyptes robustus,,SPECIES,"Eudyptes robustus Oliver, 1953",Eudyptes robustus,,NZ,,Southland,PRESENT,NA,28eb1a3f-1c15-4a95-931a-4af90ecb574d,-48.050618,166.6042,26743,NA,NA,NA,NA,NA,2023-02-01T16:57:50Z,1,2,2023,2481644,2481644,HUMAN_OBSERVATION,iNaturalist,Observations,147819451,,whale_nerd,2023-02-01T09:45:11Z,CC_BY_NC_4_0,whale_nerd,whale_nerd,NA,,2023-04-19T13:25:08Z,,COORDINATE_ROUNDED;CONTINENT_DERIVED_FROM_COORDINATES
4018351418,50c9509d-22c7-4a22-a47d-8c48425ef4a7,https://www.inaturalist.org/observations/146754276,Animalia,Chordata,Aves,Sphenisciformes,Spheniscidae,Eudyptes,Eudyptes robustus,,SPECIES,"Eudyptes robustus Oliver, 1953",Eudyptes robustus,,NZ,,Southland,PRESENT,NA,28eb1a3f-1c15-4a95-931a-4af90ecb574d,-48.008158,166.625151,26743,NA,NA,NA,NA,NA,2023-01-03T23:39:00Z,3,1,2023,2481644,2481644,HUMAN_OBSERVATION,iNaturalist,Observations,146754276,,Genevieve Early,2023-01-17T11:24:54Z,CC_BY_4_0,Genevieve Early,Genevieve Early,NA,,2023-04-19T13:25:51Z,StillImage,COORDINATE_ROUNDED;CONTINENT_DERIVED_FROM_COORDINATES
3894212871,2cd1e1df-4881-404e-8303-31d42e304fb4,11493,Animalia,Chordata,Aves,Sphenisciformes,Spheniscidae,Eudyptes,Eudyptes robustus,,SPECIES,"Eudyptes robustus Oliver, 1953",Eudyptes robustus,"Oliver, 1953",NZ,Auckland Islands,,PRESENT,NA,1c9c3bb4-377c-4547-aa79-16ea755d6006,-50.66926,167.254018,30,NA,NA,NA,NA,NA,2020-02-18T00:32:05Z,18,2,2020,2481644,2481644,HUMAN_OBSERVATION,Dragonfly Data Sciences,Protected species bycatch,,,photograph,NA,CC_BY_4_0,Ministry for Primary Industries,,NA,,2023-03-23T22:33:56Z,,COORDINATE_ROUNDED;FOOTPRINT_WKT_MISMATCH
3825222056,8a863029-f435-446a-821e-275f4f641165,https://observation.org/observation/146173599,Animalia,Chordata,Aves,Sphenisciformes,Spheniscidae,Eudyptes,Eudyptes robustus,,SPECIES,"Eudyptes robustus Oliver, 1953",Eudyptes robustus,,NZ,New Zealand - Snares Islands,,PRESENT,300,c8d737e0-2ff8-42e8-b8fc-6b805d26fc5f,-48.023183,166.611301,25,NA,NA,NA,NA,NA,2017-11-15T00:00:00Z,15,11,2017,2481644,2481644,HUMAN_OBSERVATION,,Observations,OBS.146173599,,,NA,CC_BY_NC_4_0,Stichting Observation International,User 10709,NA,,2023-04-18T13:16:43Z,,COORDINATE_ROUNDED;CONTINENT_DERIVED_FROM_COORDINATES;OCCURRENCE_STATUS_INFERRED_FROM_INDIVIDUAL_COUNT
3825194059,8a863029-f435-446a-821e-275f4f641165,https://observation.org/observation/146173593,Animalia,Chordata,Aves,Sphenisciformes,Spheniscidae,Eudyptes,Eudyptes robustus,,SPECIES,"Eudyptes robustus Oliver, 1953",Eudyptes robustus,,NZ,New Zealand - Snares Islands,,PRESENT,50,c8d737e0-2ff8-42e8-b8fc-6b805d26fc5f,-48.024599,166.615453,25,NA,NA,NA,NA,NA,2017-11-15T00:00:00Z,15,11,2017,2481644,2481644,HUMAN_OBSERVATION,,Observations,OBS.146173593,,,NA,CC_BY_NC_4_0,Stichting Observation International,User 10709,NA,,2023-04-18T13:13:51Z,,COORDINATE_ROUNDED;CONTINENT_DERIVED_FROM_COORDINATES;OCCURRENCE_STATUS_INFERRED_FROM_INDIVIDUAL_COUNT
3825134039,8a863029-f435-446a-821e-275f4f641165,https://observation.org/observation/146173604,Animalia,Chordata,Aves,Sphenisciformes,Spheniscidae,Eudyptes,Eudyptes robustus,,SPECIES,"Eudyptes robustus Oliver, 1953",Eudyptes robustus,,NZ,New Zealand - Snares Islands,,PRESENT,15,c8d737e0-2ff8-42e8-b8fc-6b805d26fc5f,-48.024377,166.610042,25,NA,NA,NA,NA,NA,2017-11-15T00:00:00Z,15,11,2017,2481644,2481644,HUMAN_OBSERVATION,,Observations,OBS.146173604,,,NA,CC_BY_NC_4_0,Stichting Observation International,User 10709,NA,,2023-04-18T13:15:49Z,,COORDINATE_ROUNDED;CONTINENT_DERIVED_FROM_COORDINATES;OCCURRENCE_STATUS_INFERRED_FROM_INDIVIDUAL_COUNT
3825089115,8a863029-f435-446a-821e-275f4f641165,https://observation.org/observation/146173612,Animalia,Chordata,Aves,Sphenisciformes,Spheniscidae,Eudyptes,Eudyptes robustus,,SPECIES,"Eudyptes robustus Oliver, 1953",Eudyptes robustus,,NZ,New Zealand - Snares Islands,,PRESENT,25,c8d737e0-2ff8-42e8-b8fc-6b805d26fc5f,-48.02729,166.614791,25,NA,NA,NA,NA,NA,2017-11-15T00:00:00Z,15,11,2017,2481644,2481644,HUMAN_OBSERVATION,,Observations,OBS.146173612,,,NA,CC_BY_NC_4_0,Stichting Observation International,User 10709,NA,,2023-04-18T13:15:32Z,,COORDINATE_ROUNDED;CONTINENT_DERIVED_FROM_COORDINATES;OCCURRENCE_STATUS_INFERRED_FROM_INDIVIDUAL_COUNT
3824938058,8a863029-f435-446a-821e-275f4f641165,https://observation.org/observation/146173619,Animalia,Chordata,Aves,Sphenisciformes,Spheniscidae,Eudyptes,Eudyptes robustus,,SPECIES,"Eudyptes robustus Oliver, 1953",Eudyptes robustus,,NZ,New Zealand - Snares Islands,,PRESENT,75,c8d737e0-2ff8-42e8-b8fc-6b805d26fc5f,-48.034898,166.624902,25,NA,NA,NA,NA,NA,2017-11-15T00:00:00Z,15,11,2017,2481644,2481644,HUMAN_OBSERVATION,,Observations,OBS.146173619,,,NA,CC_BY_NC_4_0,Stichting Observation International,User 10709,NA,,2023-04-18T13:15:39Z,,COORDINATE_ROUNDED;CONTINENT_DERIVED_FROM_COORDINATES;OCCURRENCE_STATUS_INFERRED_FROM_INDIVIDUAL_COUNT
3822274058,8a863029-f435-446a-821e-275f4f641165,https://observation.org/observation/146173597,Animalia,Chordata,Aves,Sphenisciformes,Spheniscidae,Eudyptes,Eudyptes robustus,,SPECIES,"Eudyptes robustus Oliver, 1953",Eudyptes robustus,,NZ,New Zealand - Snares Islands,,PRESENT,250,c8d737e0-2ff8-42e8-b8fc-6b805d26fc5f,-48.016537,166.606786,10,NA,NA,NA,NA,NA,2017-11-15T00:00:00Z,15,11,2017,2481644,2481644,HUMAN_OBSERVATION,,Observations,OBS.146173597,,,NA,CC_BY_NC_4_0,Stichting Observation International,User 10709,NA,,2023-04-18T13:13:49Z,,COORDINATE_ROUNDED;CONTINENT_DERIVED_FROM_COORDINATES;OCCURRENCE_STATUS_INFERRED_FROM_INDIVIDUAL_COUNT
3728584126,8a863029-f435-446a-821e-275f4f641165,https://observation.org/observation/201158351,Animalia,Chordata,Aves,Sphenisciformes,Spheniscidae,Eudyptes,Eudyptes robustus,,SPECIES,"Eudyptes robustus Oliver, 1953",Eudyptes robustus,,NZ,New Zealand - Snares Islands,,PRESENT,1,c8d737e0-2ff8-42e8-b8fc-6b805d26fc5f,-48.029244,166.58661,25,NA,NA,NA,NA,NA,2020-02-14T00:00:00Z,14,2,2020,2481644,2481644,HUMAN_OBSERVATION,,Observations,OBS.201158351,,,NA,CC_BY_NC_4_0,Stichting Observation International,User 5603,NA,,2023-04-18T13:14:19Z,StillImage,CONTINENT_DERIVED_FROM_COORDINATES;OCCURRENCE_STATUS_INFERRED_FROM_INDIVIDUAL_COUNT
3660224283,4fa7b334-ce0d-4e88-aaae-2e0c138d049e,URN:catalog:CLO:EBIRD:OBS1335295594,Animalia,Chordata,Aves,Sphenisciformes,Spheniscidae,Eudyptes,Eudyptes robustus,,SPECIES,"Eudyptes robustus Oliver, 1953",Eudyptes robustus,,NZ,Snares Islands (General),Southland,PRESENT,NA,e2e717bf-551a-4917-bdc9-4fa0f342c530,-48.026455,166.60286,NA,NA,NA,NA,NA,NA,2016-01-04T00:00:00Z,4,1,2016,2481644,2481644,HUMAN_OBSERVATION,CLO,EBIRD,OBS1335295594,,,NA,CC_BY_4_0,,obsr623717,NA,,2023-01-24T15:14:15Z,,CONTINENT_DERIVED_FROM_COORDINATES
3645421909,4fa7b334-ce0d-4e88-aaae-2e0c138d049e,URN:catalog:CLO:EBIRD_ATL_NZ:OBS1295006654,Animalia,Chordata,Aves,Sphenisciformes,Spheniscidae,Eudyptes,Eudyptes robustus,,SPECIES,"Eudyptes robustus Oliver, 1953",Eudyptes robustus,,NZ,"Auto selected -47.94689, 166.72749",Southland,PRESENT,1,e2e717bf-551a-4917-bdc9-4fa0f342c530,-47.94689,166.7275,NA,NA,NA,NA,NA,NA,2021-12-02T00:00:00Z,2,12,2021,2481644,2481644,HUMAN_OBSERVATION,CLO,EBIRD_ATL_NZ,OBS1295006654,,,NA,CC_BY_4_0,,obsr397019,NA,,2023-01-24T15:10:37Z,,
3642033336,4fa7b334-ce0d-4e88-aaae-2e0c138d049e,URN:catalog:CLO:EBIRD_ATL_NZ:OBS1070501495,Animalia,Chordata,Aves,Sphenisciformes,Spheniscidae,Eudyptes,Eudyptes robustus,,SPECIES,"Eudyptes robustus Oliver, 1953",Eudyptes robustus,,NZ,Tini Heke/The Snares—North East Island (south side),Southland,PRESENT,10,e2e717bf-551a-4917-bdc9-4fa0f342c530,-48.035263,166.59717,NA,NA,NA,NA,NA,NA,2021-02-07T00:00:00Z,7,2,2021,2481644,2481644,HUMAN_OBSERVATION,CLO,EBIRD_ATL_NZ,OBS1070501495,,,NA,CC_BY_4_0,,obsr733478,NA,,2023-01-24T15:22:30Z,,CONTINENT_DERIVED_FROM_COORDINATES
3641226797,4fa7b334-ce0d-4e88-aaae-2e0c138d049e,URN:catalog:CLO:EBIRD_ATL_NZ:OBS1295201742,Animalia,Chordata,Aves,Sphenisciformes,Spheniscidae,Eudyptes,Eudyptes robustus,,SPECIES,"Eudyptes robustus Oliver, 1953",Eudyptes robustus,,NZ,"Auto selected -47.94689, 166.72749",Southland,PRESENT,1,e2e717bf-551a-4917-bdc9-4fa0f342c530,-47.94689,166.7275,NA,NA,NA,NA,NA,NA,2021-12-02T00:00:00Z,2,12,2021,2481644,2481644,HUMAN_OBSERVATION,CLO,EBIRD_ATL_NZ,OBS1295201742,,,NA,CC_BY_4_0,,obsr675689,NA,,2023-01-24T15:09:32Z,,
3593636805,4fa7b334-ce0d-4e88-aaae-2e0c138d049e,URN:catalog:CLO:EBIRD:OBS1057642082,Animalia,Chordata,Aves,Sphenisciformes,Spheniscidae,Eudyptes,Eudyptes robustus,,SPECIES,"Eudyptes robustus Oliver, 1953",Eudyptes robustus,,AR,Ea. Palermo Aike,Santa Cruz,PRESENT,1,e2e717bf-551a-4917-bdc9-4fa0f342c530,-51.693233,-69.723976,NA,NA,NA,NA,NA,NA,2021-01-19T00:00:00Z,19,1,2021,2481644,2481644,HUMAN_OBSERVATION,CLO,EBIRD,OBS1057642082,,,NA,CC_BY_4_0,,obsr1973920,NA,,2023-01-24T15:12:49Z,,CONTINENT_DERIVED_FROM_COORDINATES
3588475098,4fa7b334-ce0d-4e88-aaae-2e0c138d049e,URN:catalog:CLO:EBIRD_ATL_NZ:OBS1070486857,Animalia,Chordata,Aves,Sphenisciformes,Spheniscidae,Eudyptes,Eudyptes robustus,,SPECIES,"Eudyptes robustus Oliver, 1953",Eudyptes robustus,,NZ,Tini Heke/The Snares—North East Island (east side),Southland,PRESENT,50,e2e717bf-551a-4917-bdc9-4fa0f342c530,-48.034027,166.61864,NA,NA,NA,NA,NA,NA,2021-02-07T00:00:00Z,7,2,2021,2481644,2481644,HUMAN_OBSERVATION,CLO,EBIRD_ATL_NZ,OBS1070486857,,,NA,CC_BY_4_0,,obsr733478,NA,,2023-01-24T15:22:43Z,,CONTINENT_DERIVED_FROM_COORDINATES
3587481123,4fa7b334-ce0d-4e88-aaae-2e0c138d049e,URN:catalog:CLO:EBIRD_ATL_NZ:OBS1070488636,Animalia,Chordata,Aves,Sphenisciformes,Spheniscidae,Eudyptes,Eudyptes robustus,,SPECIES,"Eudyptes robustus Oliver, 1953",Eudyptes robustus,,NZ,The Snares--Station Cove/Ho Ho Bay,Southland,PRESENT,1000,e2e717bf-551a-4917-bdc9-4fa0f342c530,-48.02372,166.61046,NA,NA,NA,NA,NA,NA,2021-02-07T00:00:00Z,7,2,2021,2481644,2481644,HUMAN_OBSERVATION,CLO,EBIRD_ATL_NZ,OBS1070488636,,,NA,CC_BY_4_0,,obsr733478,NA,,2023-01-24T15:21:21Z,,CONTINENT_DERIVED_FROM_COORDINATES
3577314155,4fa7b334-ce0d-4e88-aaae-2e0c138d049e,URN:catalog:CLO:EBIRD:OBS1222043003,Animalia,Chordata,Aves,Sphenisciformes,Spheniscidae,Eudyptes,Eudyptes robustus,,SPECIES,"Eudyptes robustus Oliver, 1953",Eudyptes robustus,,NZ,Snares Islands (General),Southland,PRESENT,NA,e2e717bf-551a-4917-bdc9-4fa0f342c530,-48.026455,166.60286,NA,NA,NA,NA,NA,NA,2021-02-06T00:00:00Z,6,2,2021,2481644,2481644,HUMAN_OBSERVATION,CLO,EBIRD,OBS1222043003,,,NA,CC_BY_4_0,,obsr2189187,NA,,2023-01-24T15:13:05Z,,CONTINENT_DERIVED_FROM_COORDINATES
3508875592,4fa7b334-ce0d-4e88-aaae-2e0c138d049e,URN:catalog:CLO:EBIRD_ATL_NZ:OBS1068663683,Animalia,Chordata,Aves,Sphenisciformes,Spheniscidae,Eudyptes,Eudyptes robustus,,SPECIES,"Eudyptes robustus Oliver, 1953",Eudyptes robustus,,NZ,snares island,Southland,PRESENT,NA,e2e717bf-551a-4917-bdc9-4fa0f342c530,-48.01976,166.60931,NA,NA,NA,NA,NA,NA,2021-02-04T00:00:00Z,4,2,2021,2481644,2481644,HUMAN_OBSERVATION,CLO,EBIRD_ATL_NZ,OBS1068663683,,,NA,CC_BY_4_0,,obsr420781,NA,,2023-01-24T15:06:14Z,,CONTINENT_DERIVED_FROM_COORDINATES
3468747534,50c9509d-22c7-4a22-a47d-8c48425ef4a7,https://www.inaturalist.org/observations/106167957,Animalia,Chordata,Aves,Sphenisciformes,Spheniscidae,Eudyptes,Eudyptes robustus,,SPECIES,"Eudyptes robustus Oliver, 1953",Eudyptes robustus,,NZ,,Southland,PRESENT,NA,28eb1a3f-1c15-4a95-931a-4af90ecb574d,-48.040167,166.649756,26743,NA,NA,NA,NA,NA,2022-01-25T08:51:00Z,25,1,2022,2481644,2481644,HUMAN_OBSERVATION,iNaturalist,Observations,106167957,,georgiasteel,2022-02-05T11:53:49Z,CC0_1_0,georgiasteel,georgiasteel,NA,,2023-04-19T13:12:34Z,StillImage,COORDINATE_ROUNDED;CONTINENT_DERIVED_FROM_COORDINATES
3297929579,4fa7b334-ce0d-4e88-aaae-2e0c138d049e,URN:catalog:CLO:EBIRD_ATL_NZ:OBS858465682,Animalia,Chordata,Aves,Sphenisciformes,Spheniscidae,Eudyptes,Eudyptes robustus,,SPECIES,"Eudyptes robustus Oliver, 1953",Eudyptes robustus,,NZ,Snares,Southland,PRESENT,1000,e2e717bf-551a-4917-bdc9-4fa0f342c530,-48.02193,166.61476,NA,NA,NA,NA,NA,NA,2020-01-27T00:00:00Z,27,1,2020,2481644,2481644,HUMAN_OBSERVATION,CLO,EBIRD_ATL_NZ,OBS858465682,,,NA,CC_BY_4_0,,obsr153472,NA,,2023-01-24T15:04:59Z,,CONTINENT_DERIVED_FROM_COORDINATES
3293564884,4fa7b334-ce0d-4e88-aaae-2e0c138d049e,URN:catalog:CLO:EBIRD_ATL_NZ:OBS1035831904,Animalia,Chordata,Aves,Sphenisciformes,Spheniscidae,Eudyptes,Eudyptes robustus,,SPECIES,"Eudyptes robustus Oliver, 1953",Eudyptes robustus,,NZ,snares island,Southland,PRESENT,NA,e2e717bf-551a-4917-bdc9-4fa0f342c530,-48.01976,166.60931,NA,NA,NA,NA,NA,NA,2020-12-12T00:00:00Z,12,12,2020,2481644,2481644,HUMAN_OBSERVATION,CLO,EBIRD_ATL_NZ,OBS1035831904,,,NA,CC_BY_4_0,,obsr420781,NA,,2023-01-24T15:32:07Z,,CONTINENT_DERIVED_FROM_COORDINATES
3284108801,4fa7b334-ce0d-4e88-aaae-2e0c138d049e,URN:catalog:CLO:EBIRD_ATL_NZ:OBS1040021965,Animalia,Chordata,Aves,Sphenisciformes,Spheniscidae,Eudyptes,Eudyptes robustus,,SPECIES,"Eudyptes robustus Oliver, 1953",Eudyptes robustus,,NZ,Snares Island - East coast,Southland,PRESENT,500,e2e717bf-551a-4917-bdc9-4fa0f342c530,-48.022972,166.61227,NA,NA,NA,NA,NA,NA,2020-12-24T00:00:00Z,24,12,2020,2481644,2481644,HUMAN_OBSERVATION,CLO,EBIRD_ATL_NZ,OBS1040021965,,,NA,CC_BY_4_0,,obsr160312,NA,,2023-01-24T15:29:49Z,,CONTINENT_DERIVED_FROM_COORDINATES
3274543773,4fa7b334-ce0d-4e88-aaae-2e0c138d049e,URN:catalog:CLO:EBIRD:OBS1065741797,Animalia,Chordata,Aves,Sphenisciformes,Spheniscidae,Eudyptes,Eudyptes robustus,,SPECIES,"Eudyptes robustus Oliver, 1953",Eudyptes robustus,,NZ,Snares Islands (General),Southland,PRESENT,300,e2e717bf-551a-4917-bdc9-4fa0f342c530,-48.026455,166.60286,NA,NA,NA,NA,NA,NA,2019-11-15T00:00:00Z,15,11,2019,2481644,2481644,HUMAN_OBSERVATION,CLO,EBIRD,OBS1065741797,,,NA,CC_BY_4_0,,obsr2120734,NA,,2023-01-24T15:21:37Z,,CONTINENT_DERIVED_FROM_COORDINATES
3266126557,4fa7b334-ce0d-4e88-aaae-2e0c138d049e,URN:catalog:CLO:EBIRD:OBS840392672,Animalia,Chordata,Aves,Sphenisciformes,Spheniscidae,Eudyptes,Eudyptes robustus,,SPECIES,"Eudyptes robustus Oliver, 1953",Eudyptes robustus,,NZ,Snares Islands (General),Southland,PRESENT,300,e2e717bf-551a-4917-bdc9-4fa0f342c530,-48.026455,166.60286,NA,NA,NA,NA,NA,NA,2019-11-15T00:00:00Z,15,11,2019,2481644,2481644,HUMAN_OBSERVATION,CLO,EBIRD,OBS840392672,,,NA,CC_BY_4_0,,obsr1398532,NA,,2023-01-24T15:08:09Z,,CONTINENT_DERIVED_FROM_COORDINATES
3256687937,4fa7b334-ce0d-4e88-aaae-2e0c138d049e,URN:catalog:CLO:EBIRD_ATL_NZ:OBS880507646,Animalia,Chordata,Aves,Sphenisciformes,Spheniscidae,Eudyptes,Eudyptes robustus,,SPECIES,"Eudyptes robustus Oliver, 1953",Eudyptes robustus,,NZ,"Hut to Mollymawk Bay, The Snares",Southland,PRESENT,250,e2e717bf-551a-4917-bdc9-4fa0f342c530,-48.02679,166.6114,NA,NA,NA,NA,NA,NA,2020-03-12T00:00:00Z,12,3,2020,2481644,2481644,HUMAN_OBSERVATION,CLO,EBIRD_ATL_NZ,OBS880507646,,,NA,CC_BY_4_0,,obsr152785,NA,,2023-01-24T15:06:07Z,,CONTINENT_DERIVED_FROM_COORDINATES
3254091895,4fa7b334-ce0d-4e88-aaae-2e0c138d049e,URN:catalog:CLO:EBIRD:OBS934237964,Animalia,Chordata,Aves,Sphenisciformes,Spheniscidae,Eudyptes,Eudyptes robustus,,SPECIES,"Eudyptes robustus Oliver, 1953",Eudyptes robustus,,NZ,Snares Islands (General),Southland,PRESENT,500,e2e717bf-551a-4917-bdc9-4fa0f342c530,-48.026455,166.60286,NA,NA,NA,NA,NA,NA,2020-01-27T00:00:00Z,27,1,2020,2481644,2481644,HUMAN_OBSERVATION,CLO,EBIRD,OBS934237964,,,NA,CC_BY_4_0,,obsr1740309,NA,,2023-01-24T15:19:28Z,,CONTINENT_DERIVED_FROM_COORDINATES
3250752033,4fa7b334-ce0d-4e88-aaae-2e0c138d049e,URN:catalog:CLO:EBIRD_ATL_NZ:OBS880495643,Animalia,Chordata,Aves,Sphenisciformes,Spheniscidae,Eudyptes,Eudyptes robustus,,SPECIES,"Eudyptes robustus Oliver, 1953",Eudyptes robustus,,NZ,Station Point to Punui Bay,Southland,PRESENT,80,e2e717bf-551a-4917-bdc9-4fa0f342c530,-48.02122,166.6078,NA,NA,NA,NA,NA,NA,2020-03-17T00:00:00Z,17,3,2020,2481644,2481644,HUMAN_OBSERVATION,CLO,EBIRD_ATL_NZ,OBS880495643,,,NA,CC_BY_4_0,,obsr152785,NA,,2023-01-24T15:04:07Z,,CONTINENT_DERIVED_FROM_COORDINATES
3249123137,4fa7b334-ce0d-4e88-aaae-2e0c138d049e,URN:catalog:CLO:EBIRD:OBS936795791,Animalia,Chordata,Aves,Sphenisciformes,Spheniscidae,Eudyptes,Eudyptes robustus,,SPECIES,"Eudyptes robustus Oliver, 1953",Eudyptes robustus,,NZ,Stewart Island--Oban & Halfmoon Bay,Southland,PRESENT,1,e2e717bf-551a-4917-bdc9-4fa0f342c530,-46.89847,168.12863,NA,NA,NA,NA,NA,NA,2019-01-02T00:00:00Z,2,1,2019,2481644,2481644,HUMAN_OBSERVATION,CLO,EBIRD,OBS936795791,,,NA,CC_BY_4_0,,obsr1397463,NA,,2023-01-24T15:28:37Z,,CONTINENT_DERIVED_FROM_COORDINATES
3242989034,4fa7b334-ce0d-4e88-aaae-2e0c138d049e,URN:catalog:CLO:EBIRD:OBS858167806,Animalia,Chordata,Aves,Sphenisciformes,Spheniscidae,Eudyptes,Eudyptes robustus,,SPECIES,"Eudyptes robustus Oliver, 1953",Eudyptes robustus,,NZ,Snares Islands (General),Southland,PRESENT,NA,e2e717bf-551a-4917-bdc9-4fa0f342c530,-48.026455,166.60286,NA,NA,NA,NA,NA,NA,2020-01-27T00:00:00Z,27,1,2020,2481644,2481644,HUMAN_OBSERVATION,CLO,EBIRD,OBS858167806,,,NA,CC_BY_4_0,,obsr999245,NA,,2023-01-24T15:03:47Z,,CONTINENT_DERIVED_FROM_COORDINATES
3242626054,4fa7b334-ce0d-4e88-aaae-2e0c138d049e,URN:catalog:CLO:EBIRD_ATL_NZ:OBS880502035,Animalia,Chordata,Aves,Sphenisciformes,Spheniscidae,Eudyptes,Eudyptes robustus,,SPECIES,"Eudyptes robustus Oliver, 1953",Eudyptes robustus,,NZ,Station Point to Punui Bay,Southland,PRESENT,223,e2e717bf-551a-4917-bdc9-4fa0f342c530,-48.02122,166.6078,NA,NA,NA,NA,NA,NA,2020-03-13T00:00:00Z,13,3,2020,2481644,2481644,HUMAN_OBSERVATION,CLO,EBIRD_ATL_NZ,OBS880502035,,,NA,CC_BY_4_0,,obsr152785,NA,,2023-01-24T15:08:28Z,,CONTINENT_DERIVED_FROM_COORDINATES
3242207999,4fa7b334-ce0d-4e88-aaae-2e0c138d049e,URN:catalog:CLO:EBIRD:OBS859921798,Animalia,Chordata,Aves,Sphenisciformes,Spheniscidae,Eudyptes,Eudyptes robustus,,SPECIES,"Eudyptes robustus Oliver, 1953",Eudyptes robustus,,NZ,Snares Islands (General),Southland,PRESENT,500,e2e717bf-551a-4917-bdc9-4fa0f342c530,-48.026455,166.60286,NA,NA,NA,NA,NA,NA,2020-01-27T00:00:00Z,27,1,2020,2481644,2481644,HUMAN_OBSERVATION,CLO,EBIRD,OBS859921798,,,NA,CC_BY_4_0,,obsr536979,NA,,2023-01-24T15:27:18Z,,CONTINENT_DERIVED_FROM_COORDINATES
3235825806,4fa7b334-ce0d-4e88-aaae-2e0c138d049e,URN:catalog:CLO:EBIRD_NZ:OBS877760547,Animalia,Chordata,Aves,Sphenisciformes,Spheniscidae,Eudyptes,Eudyptes robustus,,SPECIES,"Eudyptes robustus Oliver, 1953",Eudyptes robustus,,NZ,The Snares--Station Cove/Ho Ho Bay,Southland,PRESENT,500,e2e717bf-551a-4917-bdc9-4fa0f342c530,-48.02372,166.61046,NA,NA,NA,NA,NA,NA,2020-03-10T00:00:00Z,10,3,2020,2481644,2481644,HUMAN_OBSERVATION,CLO,EBIRD_NZ,OBS877760547,,,NA,CC_BY_4_0,,obsr397019,NA,,2023-01-24T15:03:53Z,,CONTINENT_DERIVED_FROM_COORDINATES
3229273228,4fa7b334-ce0d-4e88-aaae-2e0c138d049e,URN:catalog:CLO:EBIRD:OBS856459037,Animalia,Chordata,Aves,Sphenisciformes,Spheniscidae,Eudyptes,Eudyptes robustus,,SPECIES,"Eudyptes robustus Oliver, 1953",Eudyptes robustus,,NZ,Snares Islands (General),Southland,PRESENT,500,e2e717bf-551a-4917-bdc9-4fa0f342c530,-48.026455,166.60286,NA,NA,NA,NA,NA,NA,2020-01-27T00:00:00Z,27,1,2020,2481644,2481644,HUMAN_OBSERVATION,CLO,EBIRD,OBS856459037,,,NA,CC_BY_4_0,,obsr433118,NA,,2023-01-24T15:05:28Z,,CONTINENT_DERIVED_FROM_COORDINATES
3227296292,4fa7b334-ce0d-4e88-aaae-2e0c138d049e,URN:catalog:CLO:EBIRD_ATL_NZ:OBS858472026,Animalia,Chordata,Aves,Sphenisciformes,Spheniscidae,Eudyptes,Eudyptes robustus,,SPECIES,"Eudyptes robustus Oliver, 1953",Eudyptes robustus,,NZ,Snares,Southland,PRESENT,100,e2e717bf-551a-4917-bdc9-4fa0f342c530,-48.038013,166.6165,NA,NA,NA,NA,NA,NA,2020-01-27T00:00:00Z,27,1,2020,2481644,2481644,HUMAN_OBSERVATION,CLO,EBIRD_ATL_NZ,OBS858472026,,,NA,CC_BY_4_0,,obsr153472,NA,,2023-01-24T15:26:00Z,,CONTINENT_DERIVED_FROM_COORDINATES
3225072072,4fa7b334-ce0d-4e88-aaae-2e0c138d049e,URN:catalog:CLO:EBIRD_ATL_NZ:OBS880508115,Animalia,Chordata,Aves,Sphenisciformes,Spheniscidae,Eudyptes,Eudyptes robustus,,SPECIES,"Eudyptes robustus Oliver, 1953",Eudyptes robustus,,NZ,"Hut to Mollymawk Bay, The Snares",Southland,PRESENT,250,e2e717bf-551a-4917-bdc9-4fa0f342c530,-48.02679,166.6114,NA,NA,NA,NA,NA,NA,2020-03-12T00:00:00Z,12,3,2020,2481644,2481644,HUMAN_OBSERVATION,CLO,EBIRD_ATL_NZ,OBS880508115,,,NA,CC_BY_4_0,,obsr1242803,NA,,2023-01-24T15:20:58Z,,CONTINENT_DERIVED_FROM_COORDINATES
3222002050,4fa7b334-ce0d-4e88-aaae-2e0c138d049e,URN:catalog:CLO:EBIRD:OBS864744074,Animalia,Chordata,Aves,Sphenisciformes,Spheniscidae,Eudyptes,Eudyptes robustus,,SPECIES,"Eudyptes robustus Oliver, 1953",Eudyptes robustus,,NZ,Snares Islands (General),Southland,PRESENT,500,e2e717bf-551a-4917-bdc9-4fa0f342c530,-48.026455,166.60286,NA,NA,NA,NA,NA,NA,2020-01-27T00:00:00Z,27,1,2020,2481644,2481644,HUMAN_OBSERVATION,CLO,EBIRD,OBS864744074,,,NA,CC_BY_4_0,,obsr515660,NA,,2023-01-24T15:20:45Z,,CONTINENT_DERIVED_FROM_COORDINATES
3218241522,4fa7b334-ce0d-4e88-aaae-2e0c138d049e,URN:catalog:CLO:EBIRD:OBS838403883,Animalia,Chordata,Aves,Sphenisciformes,Spheniscidae,Eudyptes,Eudyptes robustus,,SPECIES,"Eudyptes robustus Oliver, 1953",Eudyptes robustus,,NZ,Snares Islands (General),Southland,PRESENT,300,e2e717bf-551a-4917-bdc9-4fa0f342c530,-48.026455,166.60286,NA,NA,NA,NA,NA,NA,2019-11-15T00:00:00Z,15,11,2019,2481644,2481644,HUMAN_OBSERVATION,CLO,EBIRD,OBS838403883,,,NA,CC_BY_4_0,,obsr817649,NA,,2023-01-24T15:25:30Z,,CONTINENT_DERIVED_FROM_COORDINATES
3217883518,4fa7b334-ce0d-4e88-aaae-2e0c138d049e,URN:catalog:CLO:EBIRD:OBS835447388,Animalia,Chordata,Aves,Sphenisciformes,Spheniscidae,Eudyptes,Eudyptes robustus,,SPECIES,"Eudyptes robustus Oliver, 1953",Eudyptes robustus,,NZ,Snares Islands (General),Southland,PRESENT,300,e2e717bf-551a-4917-bdc9-4fa0f342c530,-48.026455,166.60286,NA,NA,NA,NA,NA,NA,2019-11-15T00:00:00Z,15,11,2019,2481644,2481644,HUMAN_OBSERVATION,CLO,EBIRD,OBS835447388,,,NA,CC_BY_4_0,,obsr58265,NA,,2023-01-24T15:07:37Z,,CONTINENT_DERIVED_FROM_COORDINATES
3217400498,4fa7b334-ce0d-4e88-aaae-2e0c138d049e,URN:catalog:CLO:EBIRD:OBS835651011,Animalia,Chordata,Aves,Sphenisciformes,Spheniscidae,Eudyptes,Eudyptes robustus,,SPECIES,"Eudyptes robustus Oliver, 1953",Eudyptes robustus,,NZ,Snares Islands (General),Southland,PRESENT,300,e2e717bf-551a-4917-bdc9-4fa0f342c530,-48.026455,166.60286,NA,NA,NA,NA,NA,NA,2019-11-15T00:00:00Z,15,11,2019,2481644,2481644,HUMAN_OBSERVATION,CLO,EBIRD,OBS835651011,,,NA,CC_BY_4_0,,obsr415444,NA,,2023-01-24T15:19:52Z,,CONTINENT_DERIVED_FROM_COORDINATES
3216912543,4fa7b334-ce0d-4e88-aaae-2e0c138d049e,URN:catalog:CLO:EBIRD:OBS838082956,Animalia,Chordata,Aves,Sphenisciformes,Spheniscidae,Eudyptes,Eudyptes robustus,,SPECIES,"Eudyptes robustus Oliver, 1953",Eudyptes robustus,,NZ,The Snares--Station Cove/Ho Ho Bay,Southland,PRESENT,400,e2e717bf-551a-4917-bdc9-4fa0f342c530,-48.02372,166.61046,NA,NA,NA,NA,NA,NA,2019-12-05T00:00:00Z,5,12,2019,2481644,2481644,HUMAN_OBSERVATION,CLO,EBIRD,OBS838082956,,,NA,CC_BY_4_0,,obsr241375,NA,,2023-01-24T15:08:38Z,,CONTINENT_DERIVED_FROM_COORDINATES
3216903547,4fa7b334-ce0d-4e88-aaae-2e0c138d049e,URN:catalog:CLO:EBIRD:OBS836084863,Animalia,Chordata,Aves,Sphenisciformes,Spheniscidae,Eudyptes,Eudyptes robustus,,SPECIES,"Eudyptes robustus Oliver, 1953",Eudyptes robustus,,NZ,Snares Islands (General),Southland,PRESENT,300,e2e717bf-551a-4917-bdc9-4fa0f342c530,-48.026455,166.60286,NA,NA,NA,NA,NA,NA,2019-11-15T00:00:00Z,15,11,2019,2481644,2481644,HUMAN_OBSERVATION,CLO,EBIRD,OBS836084863,,,NA,CC_BY_4_0,,obsr21054,NA,,2023-01-24T15:25:47Z,,CONTINENT_DERIVED_FROM_COORDINATES
3206288789,4fa7b334-ce0d-4e88-aaae-2e0c138d049e,URN:catalog:CLO:EBIRD_NZ:OBS1082765848,Animalia,Chordata,Aves,Sphenisciformes,Spheniscidae,Eudyptes,Eudyptes robustus,,SPECIES,"Eudyptes robustus Oliver, 1953",Eudyptes robustus,,NZ,The Snares--Station Cove/Ho Ho Bay,Southland,PRESENT,NA,e2e717bf-551a-4917-bdc9-4fa0f342c530,-48.02372,166.61046,NA,NA,NA,NA,NA,NA,2016-12-25T00:00:00Z,25,12,2016,2481644,2481644,HUMAN_OBSERVATION,CLO,EBIRD_NZ,OBS1082765848,,,NA,CC_BY_4_0,,obsr2135460,NA,,2023-01-24T15:28:00Z,,CONTINENT_DERIVED_FROM_COORDINATES
3172814680,4fa7b334-ce0d-4e88-aaae-2e0c138d049e,URN:catalog:CLO:EBIRD_ARG:OBS972900631,Animalia,Chordata,Aves,Sphenisciformes,Spheniscidae,Eudyptes,Eudyptes robustus,,SPECIES,"Eudyptes robustus Oliver, 1953",Eudyptes robustus,,AR,Cabo Domingo (Tierra del Fuego) (AICA TF01),Tierra del Fuego,PRESENT,1,e2e717bf-551a-4917-bdc9-4fa0f342c530,-53.69506,-67.83744,NA,NA,NA,NA,NA,NA,2019-01-20T00:00:00Z,20,1,2019,2481644,2481644,HUMAN_OBSERVATION,CLO,EBIRD_ARG,OBS972900631,,,NA,CC_BY_4_0,,obsr639434,NA,,2023-01-24T15:28:10Z,,CONTINENT_DERIVED_FROM_COORDINATES
3158392052,4fa7b334-ce0d-4e88-aaae-2e0c138d049e,URN:catalog:CLO:EBIRD_ATL_NZ:OBS880503448,Animalia,Chordata,Aves,Sphenisciformes,Spheniscidae,Eudyptes,Eudyptes robustus,,SPECIES,"Eudyptes robustus Oliver, 1953",Eudyptes robustus,,NZ,Station Point to Punui Bay,Southland,PRESENT,223,e2e717bf-551a-4917-bdc9-4fa0f342c530,-48.02122,166.6078,NA,NA,NA,NA,NA,NA,2020-03-13T00:00:00Z,13,3,2020,2481644,2481644,HUMAN_OBSERVATION,CLO,EBIRD_ATL_NZ,OBS880503448,,,NA,CC_BY_4_0,,obsr1242803,NA,,2023-01-24T15:29:11Z,,CONTINENT_DERIVED_FROM_COORDINATES
3156288957,4fa7b334-ce0d-4e88-aaae-2e0c138d049e,URN:catalog:CLO:EBIRD_ATL_NZ:OBS880488860,Animalia,Chordata,Aves,Sphenisciformes,Spheniscidae,Eudyptes,Eudyptes robustus,,SPECIES,"Eudyptes robustus Oliver, 1953",Eudyptes robustus,,NZ,Station Point to Punui Bay,Southland,PRESENT,80,e2e717bf-551a-4917-bdc9-4fa0f342c530,-48.02122,166.6078,NA,NA,NA,NA,NA,NA,2020-03-17T00:00:00Z,17,3,2020,2481644,2481644,HUMAN_OBSERVATION,CLO,EBIRD_ATL_NZ,OBS880488860,,,NA,CC_BY_4_0,,obsr1383723,NA,,2023-01-24T15:25:00Z,,CONTINENT_DERIVED_FROM_COORDINATES
3148961218,4fa7b334-ce0d-4e88-aaae-2e0c138d049e,URN:catalog:CLO:EBIRD:OBS860195827,Animalia,Chordata,Aves,Sphenisciformes,Spheniscidae,Eudyptes,Eudyptes robustus,,SPECIES,"Eudyptes robustus Oliver, 1953",Eudyptes robustus,,NZ,Snares Islands (General),Southland,PRESENT,500,e2e717bf-551a-4917-bdc9-4fa0f342c530,-48.026455,166.60286,NA,NA,NA,NA,NA,NA,2020-01-27T00:00:00Z,27,1,2020,2481644,2481644,HUMAN_OBSERVATION,CLO,EBIRD,OBS860195827,,,NA,CC_BY_4_0,,obsr699039,NA,,2023-01-24T15:07:53Z,,CONTINENT_DERIVED_FROM_COORDINATES
3143177903,4fa7b334-ce0d-4e88-aaae-2e0c138d049e,URN:catalog:CLO:EBIRD_ATL_NZ:OBS880499647,Animalia,Chordata,Aves,Sphenisciformes,Spheniscidae,Eudyptes,Eudyptes robustus,,SPECIES,"Eudyptes robustus Oliver, 1953",Eudyptes robustus,,NZ,"Hut, The Snares",Southland,PRESENT,100,e2e717bf-551a-4917-bdc9-4fa0f342c530,-48.022545,166.60944,NA,NA,NA,NA,NA,NA,2020-03-15T00:00:00Z,15,3,2020,2481644,2481644,HUMAN_OBSERVATION,CLO,EBIRD_ATL_NZ,OBS880499647,,,NA,CC_BY_4_0,,obsr152785,NA,,2023-01-24T15:09:54Z,,CONTINENT_DERIVED_FROM_COORDINATES
3143000003,4fa7b334-ce0d-4e88-aaae-2e0c138d049e,URN:catalog:CLO:EBIRD_ATL_NZ:OBS880491039,Animalia,Chordata,Aves,Sphenisciformes,Spheniscidae,Eudyptes,Eudyptes robustus,,SPECIES,"Eudyptes robustus Oliver, 1953",Eudyptes robustus,,NZ,"Seal Point, The Snares",Southland,PRESENT,30,e2e717bf-551a-4917-bdc9-4fa0f342c530,-48.02168,166.61264,NA,NA,NA,NA,NA,NA,2020-03-17T00:00:00Z,17,3,2020,2481644,2481644,HUMAN_OBSERVATION,CLO,EBIRD_ATL_NZ,OBS880491039,,,NA,CC_BY_4_0,,obsr152785,NA,,2023-01-24T15:08:52Z,,CONTINENT_DERIVED_FROM_COORDINATES
3142553062,4fa7b334-ce0d-4e88-aaae-2e0c138d049e,URN:catalog:CLO:EBIRD_ATL_NZ:OBS878119900,Animalia,Chordata,Aves,Sphenisciformes,Spheniscidae,Eudyptes,Eudyptes robustus,,SPECIES,"Eudyptes robustus Oliver, 1953",Eudyptes robustus,,NZ,The Snares--Station Cove/Ho Ho Bay,Southland,PRESENT,300,e2e717bf-551a-4917-bdc9-4fa0f342c530,-48.02372,166.61046,NA,NA,NA,NA,NA,NA,2020-03-10T00:00:00Z,10,3,2020,2481644,2481644,HUMAN_OBSERVATION,CLO,EBIRD_ATL_NZ,OBS878119900,,,NA,CC_BY_4_0,,obsr276738,NA,,2023-01-24T15:08:04Z,,CONTINENT_DERIVED_FROM_COORDINATES
3140809778,4fa7b334-ce0d-4e88-aaae-2e0c138d049e,URN:catalog:CLO:EBIRD_ATL_NZ:OBS880494864,Animalia,Chordata,Aves,Sphenisciformes,Spheniscidae,Eudyptes,Eudyptes robustus,,SPECIES,"Eudyptes robustus Oliver, 1953",Eudyptes robustus,,NZ,"Station Point, The Snares",Southland,PRESENT,64,e2e717bf-551a-4917-bdc9-4fa0f342c530,-48.02272,166.60994,NA,NA,NA,NA,NA,NA,2020-03-11T00:00:00Z,11,3,2020,2481644,2481644,HUMAN_OBSERVATION,CLO,EBIRD_ATL_NZ,OBS880494864,,,NA,CC_BY_4_0,,obsr152785,NA,,2023-01-24T15:07:20Z,,CONTINENT_DERIVED_FROM_COORDINATES
3139515982,4fa7b334-ce0d-4e88-aaae-2e0c138d049e,URN:catalog:CLO:EBIRD_ATL_NZ:OBS880535508,Animalia,Chordata,Aves,Sphenisciformes,Spheniscidae,Eudyptes,Eudyptes robustus,,SPECIES,"Eudyptes robustus Oliver, 1953",Eudyptes robustus,,NZ,Otago Peninsula--Penguin beach,Otago,PRESENT,1,e2e717bf-551a-4917-bdc9-4fa0f342c530,-45.803795,170.74403,NA,NA,NA,NA,NA,NA,2020-03-19T00:00:00Z,19,3,2020,2481644,2481644,HUMAN_OBSERVATION,CLO,EBIRD_ATL_NZ,OBS880535508,,,NA,CC_BY_4_0,,obsr733478,NA,,2023-01-24T15:08:40Z,,CONTINENT_DERIVED_FROM_COORDINATES
3139084994,4fa7b334-ce0d-4e88-aaae-2e0c138d049e,URN:catalog:CLO:EBIRD_ATL_NZ:OBS880489991,Animalia,Chordata,Aves,Sphenisciformes,Spheniscidae,Eudyptes,Eudyptes robustus,,SPECIES,"Eudyptes robustus Oliver, 1953",Eudyptes robustus,,NZ,Station Point to Punui Bay,Southland,PRESENT,80,e2e717bf-551a-4917-bdc9-4fa0f342c530,-48.02122,166.6078,NA,NA,NA,NA,NA,NA,2020-03-17T00:00:00Z,17,3,2020,2481644,2481644,HUMAN_OBSERVATION,CLO,EBIRD_ATL_NZ,OBS880489991,,,NA,CC_BY_4_0,,obsr1242803,NA,,2023-01-24T15:26:07Z,,CONTINENT_DERIVED_FROM_COORDINATES
3137796099,4fa7b334-ce0d-4e88-aaae-2e0c138d049e,URN:catalog:CLO:EBIRD_ATL_NZ:OBS880497689,Animalia,Chordata,Aves,Sphenisciformes,Spheniscidae,Eudyptes,Eudyptes robustus,,SPECIES,"Eudyptes robustus Oliver, 1953",Eudyptes robustus,,NZ,"South Promontory, The Snares",Southland,PRESENT,100,e2e717bf-551a-4917-bdc9-4fa0f342c530,-48.037685,166.61281,NA,NA,NA,NA,NA,NA,2020-03-12T00:00:00Z,12,3,2020,2481644,2481644,HUMAN_OBSERVATION,CLO,EBIRD_ATL_NZ,OBS880497689,,,NA,CC_BY_4_0,,obsr152785,NA,,2023-01-24T15:20:58Z,,CONTINENT_DERIVED_FROM_COORDINATES
3133737004,4fa7b334-ce0d-4e88-aaae-2e0c138d049e,URN:catalog:CLO:EBIRD:OBS860021668,Animalia,Chordata,Aves,Sphenisciformes,Spheniscidae,Eudyptes,Eudyptes robustus,,SPECIES,"Eudyptes robustus Oliver, 1953",Eudyptes robustus,,NZ,Snares Islands (General),Southland,PRESENT,500,e2e717bf-551a-4917-bdc9-4fa0f342c530,-48.026455,166.60286,NA,NA,NA,NA,NA,NA,2020-01-27T00:00:00Z,27,1,2020,2481644,2481644,HUMAN_OBSERVATION,CLO,EBIRD,OBS860021668,,,NA,CC_BY_4_0,,obsr1316673,NA,,2023-01-24T15:26:51Z,,CONTINENT_DERIVED_FROM_COORDINATES
3132026481,4fa7b334-ce0d-4e88-aaae-2e0c138d049e,URN:catalog:CLO:EBIRD:OBS835450144,Animalia,Chordata,Aves,Sphenisciformes,Spheniscidae,Eudyptes,Eudyptes robustus,,SPECIES,"Eudyptes robustus Oliver, 1953",Eudyptes robustus,,NZ,Snares Islands (General),Southland,PRESENT,300,e2e717bf-551a-4917-bdc9-4fa0f342c530,-48.026455,166.60286,NA,NA,NA,NA,NA,NA,2019-11-15T00:00:00Z,15,11,2019,2481644,2481644,HUMAN_OBSERVATION,CLO,EBIRD,OBS835450144,,,NA,CC_BY_4_0,,obsr670888,NA,,2023-01-24T15:29:01Z,,CONTINENT_DERIVED_FROM_COORDINATES
3132018487,4fa7b334-ce0d-4e88-aaae-2e0c138d049e,URN:catalog:CLO:EBIRD:OBS838741816,Animalia,Chordata,Aves,Sphenisciformes,Spheniscidae,Eudyptes,Eudyptes robustus,,SPECIES,"Eudyptes robustus Oliver, 1953",Eudyptes robustus,,NZ,Snares Islands (General),Southland,PRESENT,300,e2e717bf-551a-4917-bdc9-4fa0f342c530,-48.026455,166.60286,NA,NA,NA,NA,NA,NA,2019-11-15T00:00:00Z,15,11,2019,2481644,2481644,HUMAN_OBSERVATION,CLO,EBIRD,OBS838741816,,,NA,CC_BY_4_0,,obsr195405,NA,,2023-01-24T15:10:11Z,,CONTINENT_DERIVED_FROM_COORDINATES
3131988533,4fa7b334-ce0d-4e88-aaae-2e0c138d049e,URN:catalog:CLO:EBIRD:OBS835481048,Animalia,Chordata,Aves,Sphenisciformes,Spheniscidae,Eudyptes,Eudyptes robustus,,SPECIES,"Eudyptes robustus Oliver, 1953",Eudyptes robustus,,NZ,Snares Islands (General),Southland,PRESENT,300,e2e717bf-551a-4917-bdc9-4fa0f342c530,-48.026455,166.60286,NA,NA,NA,NA,NA,NA,2019-11-15T00:00:00Z,15,11,2019,2481644,2481644,HUMAN_OBSERVATION,CLO,EBIRD,OBS835481048,,,NA,CC_BY_4_0,,obsr536080,NA,,2023-01-24T15:08:22Z,,CONTINENT_DERIVED_FROM_COORDINATES
3131988529,4fa7b334-ce0d-4e88-aaae-2e0c138d049e,URN:catalog:CLO:EBIRD:OBS833839520,Animalia,Chordata,Aves,Sphenisciformes,Spheniscidae,Eudyptes,Eudyptes robustus,,SPECIES,"Eudyptes robustus Oliver, 1953",Eudyptes robustus,,NZ,The Snares--Station Cove/Ho Ho Bay,Southland,PRESENT,8,e2e717bf-551a-4917-bdc9-4fa0f342c530,-48.02372,166.61046,NA,NA,NA,NA,NA,NA,2019-11-15T00:00:00Z,15,11,2019,2481644,2481644,HUMAN_OBSERVATION,CLO,EBIRD,OBS833839520,,,NA,CC_BY_4_0,,obsr675279,NA,,2023-01-24T15:08:21Z,,CONTINENT_DERIVED_FROM_COORDINATES
3131847514,4fa7b334-ce0d-4e88-aaae-2e0c138d049e,URN:catalog:CLO:EBIRD:OBS838082984,Animalia,Chordata,Aves,Sphenisciformes,Spheniscidae,Eudyptes,Eudyptes robustus,,SPECIES,"Eudyptes robustus Oliver, 1953",Eudyptes robustus,,NZ,The Snares--Station Cove/Ho Ho Bay,Southland,PRESENT,400,e2e717bf-551a-4917-bdc9-4fa0f342c530,-48.02372,166.61046,NA,NA,NA,NA,NA,NA,2019-12-05T00:00:00Z,5,12,2019,2481644,2481644,HUMAN_OBSERVATION,CLO,EBIRD,OBS838082984,,,NA,CC_BY_4_0,,obsr425505,NA,,2023-01-24T15:25:03Z,,CONTINENT_DERIVED_FROM_COORDINATES
3131819540,4fa7b334-ce0d-4e88-aaae-2e0c138d049e,URN:catalog:CLO:EBIRD:OBS834230547,Animalia,Chordata,Aves,Sphenisciformes,Spheniscidae,Eudyptes,Eudyptes robustus,,SPECIES,"Eudyptes robustus Oliver, 1953",Eudyptes robustus,,NZ,The Snares--Station Cove/Ho Ho Bay,Southland,PRESENT,8,e2e717bf-551a-4917-bdc9-4fa0f342c530,-48.02372,166.61046,NA,NA,NA,NA,NA,NA,2019-11-15T00:00:00Z,15,11,2019,2481644,2481644,HUMAN_OBSERVATION,CLO,EBIRD,OBS834230547,,,NA,CC_BY_4_0,,obsr162335,NA,,2023-01-24T15:17:52Z,,CONTINENT_DERIVED_FROM_COORDINATES
3068004309,50c9509d-22c7-4a22-a47d-8c48425ef4a7,https://www.inaturalist.org/observations/72052177,Animalia,Chordata,Aves,Sphenisciformes,Spheniscidae,Eudyptes,Eudyptes robustus,,SPECIES,"Eudyptes robustus Oliver, 1953",Eudyptes robustus,,NZ,,Southland,PRESENT,NA,28eb1a3f-1c15-4a95-931a-4af90ecb574d,-48.003807,166.755534,26743,NA,NA,NA,NA,NA,2020-12-24T08:25:00Z,24,12,2020,2481644,2481644,HUMAN_OBSERVATION,iNaturalist,Observations,72052177,,Alex Fergus,2021-03-25T23:31:04Z,CC_BY_NC_4_0,Alex Fergus,Alex Fergus,NA,,2023-04-19T13:22:00Z,StillImage,COORDINATE_ROUNDED
3039446018,50c9509d-22c7-4a22-a47d-8c48425ef4a7,https://www.inaturalist.org/observations/69393953,Animalia,Chordata,Aves,Sphenisciformes,Spheniscidae,Eudyptes,Eudyptes robustus,,SPECIES,"Eudyptes robustus Oliver, 1953",Eudyptes robustus,,NZ,,Southland,PRESENT,NA,28eb1a3f-1c15-4a95-931a-4af90ecb574d,-48.185705,166.756036,26743,NA,NA,NA,NA,NA,2018-12-24T08:32:00Z,24,12,2018,2481644,2481644,HUMAN_OBSERVATION,iNaturalist,Observations,69393953,,Ben Weatherley,2021-02-11T02:34:34Z,CC_BY_NC_4_0,Ben Weatherley,Ben Weatherley,NA,,2023-04-19T13:11:32Z,StillImage,COORDINATE_ROUNDED
2843537476,8a863029-f435-446a-821e-275f4f641165,https://observation.org/observation/147120575,Animalia,Chordata,Aves,Sphenisciformes,Spheniscidae,Eudyptes,Eudyptes robustus,,SPECIES,"Eudyptes robustus Oliver, 1953",Eudyptes robustus,,NZ,New Zealand - Snares Islands,,PRESENT,75,c8d737e0-2ff8-42e8-b8fc-6b805d26fc5f,-48.034898,166.624902,25,NA,NA,NA,NA,NA,2017-11-15T00:00:00Z,15,11,2017,2481644,2481644,HUMAN_OBSERVATION,,Observations,OBS.147120575,,,NA,CC_BY_NC_4_0,Stichting Observation International,User 53773,NA,,2023-04-18T13:13:52Z,,COORDINATE_ROUNDED;CONTINENT_DERIVED_FROM_COORDINATES;OCCURRENCE_STATUS_INFERRED_FROM_INDIVIDUAL_COUNT
2841515584,8a863029-f435-446a-821e-275f4f641165,https://observation.org/observation/165649117,Animalia,Chordata,Aves,Sphenisciformes,Spheniscidae,Eudyptes,Eudyptes robustus,,SPECIES,"Eudyptes robustus Oliver, 1953",Eudyptes robustus,,NZ,New Zealand - Snares Islands,,PRESENT,500,c8d737e0-2ff8-42e8-b8fc-6b805d26fc5f,-48.026672,166.603546,1000,NA,NA,NA,NA,NA,2018-11-13T00:00:00Z,13,11,2018,2481644,2481644,HUMAN_OBSERVATION,,Observations,OBS.165649117,,,NA,CC_BY_NC_4_0,Stichting Observation International,User 69501,NA,,2023-04-18T13:16:05Z,,COORDINATE_ROUNDED;CONTINENT_DERIVED_FROM_COORDINATES;OCCURRENCE_STATUS_INFERRED_FROM_INDIVIDUAL_COUNT
2840646584,8a863029-f435-446a-821e-275f4f641165,https://observation.org/observation/147120553,Animalia,Chordata,Aves,Sphenisciformes,Spheniscidae,Eudyptes,Eudyptes robustus,,SPECIES,"Eudyptes robustus Oliver, 1953",Eudyptes robustus,,NZ,New Zealand - Snares Islands,,PRESENT,250,c8d737e0-2ff8-42e8-b8fc-6b805d26fc5f,-48.016537,166.606786,10,NA,NA,NA,NA,NA,2017-11-15T00:00:00Z,15,11,2017,2481644,2481644,HUMAN_OBSERVATION,,Observations,OBS.147120553,,,NA,CC_BY_NC_4_0,Stichting Observation International,User 53773,NA,,2023-04-18T13:13:51Z,,COORDINATE_ROUNDED;CONTINENT_DERIVED_FROM_COORDINATES;OCCURRENCE_STATUS_INFERRED_FROM_INDIVIDUAL_COUNT
2840276695,8a863029-f435-446a-821e-275f4f641165,https://observation.org/observation/147120549,Animalia,Chordata,Aves,Sphenisciformes,Spheniscidae,Eudyptes,Eudyptes robustus,,SPECIES,"Eudyptes robustus Oliver, 1953",Eudyptes robustus,,NZ,New Zealand - Snares Islands,,PRESENT,50,c8d737e0-2ff8-42e8-b8fc-6b805d26fc5f,-48.024599,166.615453,25,NA,NA,NA,NA,NA,2017-11-15T00:00:00Z,15,11,2017,2481644,2481644,HUMAN_OBSERVATION,,Observations,OBS.147120549,,,NA,CC_BY_NC_4_0,Stichting Observation International,User 53773,NA,,2023-04-18T13:13:49Z,,COORDINATE_ROUNDED;CONTINENT_DERIVED_FROM_COORDINATES;OCCURRENCE_STATUS_INFERRED_FROM_INDIVIDUAL_COUNT
2837052410,8a863029-f435-446a-821e-275f4f641165,https://observation.org/observation/147120568,Animalia,Chordata,Aves,Sphenisciformes,Spheniscidae,Eudyptes,Eudyptes robustus,,SPECIES,"Eudyptes robustus Oliver, 1953",Eudyptes robustus,,NZ,New Zealand - Snares Islands,,PRESENT,25,c8d737e0-2ff8-42e8-b8fc-6b805d26fc5f,-48.02729,166.614791,25,NA,NA,NA,NA,NA,2017-11-15T00:00:00Z,15,11,2017,2481644,2481644,HUMAN_OBSERVATION,,Observations,OBS.147120568,,,NA,CC_BY_NC_4_0,Stichting Observation International,User 53773,NA,,2023-04-18T13:13:51Z,,COORDINATE_ROUNDED;CONTINENT_DERIVED_FROM_COORDINATES;OCCURRENCE_STATUS_INFERRED_FROM_INDIVIDUAL_COUNT
2833235547,8a863029-f435-446a-821e-275f4f641165,https://observation.org/observation/147120560,Animalia,Chordata,Aves,Sphenisciformes,Spheniscidae,Eudyptes,Eudyptes robustus,,SPECIES,"Eudyptes robustus Oliver, 1953",Eudyptes robustus,,NZ,New Zealand - Snares Islands,,PRESENT,15,c8d737e0-2ff8-42e8-b8fc-6b805d26fc5f,-48.024377,166.610042,25,NA,NA,NA,NA,NA,2017-11-15T00:00:00Z,15,11,2017,2481644,2481644,HUMAN_OBSERVATION,,Observations,OBS.147120560,,,NA,CC_BY_NC_4_0,Stichting Observation International,User 53773,NA,,2023-04-18T13:13:49Z,,COORDINATE_ROUNDED;CONTINENT_DERIVED_FROM_COORDINATES;OCCURRENCE_STATUS_INFERRED_FROM_INDIVIDUAL_COUNT
2833085435,8a863029-f435-446a-821e-275f4f641165,https://observation.org/observation/147120555,Animalia,Chordata,Aves,Sphenisciformes,Spheniscidae,Eudyptes,Eudyptes robustus,,SPECIES,"Eudyptes robustus Oliver, 1953",Eudyptes robustus,,NZ,New Zealand - Snares Islands,,PRESENT,300,c8d737e0-2ff8-42e8-b8fc-6b805d26fc5f,-48.023183,166.611301,25,NA,NA,NA,NA,NA,2017-11-15T00:00:00Z,15,11,2017,2481644,2481644,HUMAN_OBSERVATION,,Observations,OBS.147120555,,,NA,CC_BY_NC_4_0,Stichting Observation International,User 53773,NA,,2023-04-18T13:15:56Z,,COORDINATE_ROUNDED;CONTINENT_DERIVED_FROM_COORDINATES;OCCURRENCE_STATUS_INFERRED_FROM_INDIVIDUAL_COUNT
2800787091,4fa7b334-ce0d-4e88-aaae-2e0c138d049e,URN:catalog:CLO:EBIRD:OBS906303006,Animalia,Chordata,Aves,Sphenisciformes,Spheniscidae,Eudyptes,Eudyptes robustus,,SPECIES,"Eudyptes robustus Oliver, 1953",Eudyptes robustus,,NZ,Snares Islands (General),Southland,PRESENT,NA,e2e717bf-551a-4917-bdc9-4fa0f342c530,-48.026455,166.60286,NA,NA,NA,NA,NA,NA,2018-11-12T00:00:00Z,12,11,2018,2481644,2481644,HUMAN_OBSERVATION,CLO,EBIRD,OBS906303006,,,NA,CC_BY_4_0,,obsr1478746,NA,,2023-01-24T15:18:49Z,,CONTINENT_DERIVED_FROM_COORDINATES
2799991297,4fa7b334-ce0d-4e88-aaae-2e0c138d049e,URN:catalog:CLO:EBIRD:OBS845768927,Animalia,Chordata,Aves,Sphenisciformes,Spheniscidae,Eudyptes,Eudyptes robustus,,SPECIES,"Eudyptes robustus Oliver, 1953",Eudyptes robustus,,NZ,Snares Islands (General),Southland,PRESENT,NA,e2e717bf-551a-4917-bdc9-4fa0f342c530,-48.026455,166.60286,NA,NA,NA,NA,NA,NA,2019-12-24T00:00:00Z,24,12,2019,2481644,2481644,HUMAN_OBSERVATION,CLO,EBIRD,OBS845768927,,,NA,CC_BY_4_0,,obsr961222,NA,,2023-01-24T15:27:48Z,,CONTINENT_DERIVED_FROM_COORDINATES
2799959808,4fa7b334-ce0d-4e88-aaae-2e0c138d049e,URN:catalog:CLO:EBIRD:OBS836242102,Animalia,Chordata,Aves,Sphenisciformes,Spheniscidae,Eudyptes,Eudyptes robustus,,SPECIES,"Eudyptes robustus Oliver, 1953",Eudyptes robustus,,NZ,Snares Islands (General),Southland,PRESENT,300,e2e717bf-551a-4917-bdc9-4fa0f342c530,-48.026455,166.60286,NA,NA,NA,NA,NA,NA,2019-11-15T00:00:00Z,15,11,2019,2481644,2481644,HUMAN_OBSERVATION,CLO,EBIRD,OBS836242102,,,NA,CC_BY_4_0,,obsr524767,NA,,2023-01-24T15:08:05Z,,CONTINENT_DERIVED_FROM_COORDINATES
2729002730,4fa7b334-ce0d-4e88-aaae-2e0c138d049e,URN:catalog:CLO:EBIRD_AU:OBS724015826,Animalia,Chordata,Aves,Sphenisciformes,Spheniscidae,Eudyptes,Eudyptes robustus,,SPECIES,"Eudyptes robustus Oliver, 1953",Eudyptes robustus,,NZ,Snares Islands (General),Southland,PRESENT,200,e2e717bf-551a-4917-bdc9-4fa0f342c530,-48.026455,166.60286,NA,NA,NA,NA,NA,NA,2019-02-27T00:00:00Z,27,2,2019,2481644,2481644,HUMAN_OBSERVATION,CLO,EBIRD_AU,OBS724015826,,,NA,CC_BY_4_0,,obsr450188,NA,,2023-01-24T15:24:12Z,,CONTINENT_DERIVED_FROM_COORDINATES
2728420557,4fa7b334-ce0d-4e88-aaae-2e0c138d049e,URN:catalog:CLO:EBIRD:OBS705440249,Animalia,Chordata,Aves,Sphenisciformes,Spheniscidae,Eudyptes,Eudyptes robustus,,SPECIES,"Eudyptes robustus Oliver, 1953",Eudyptes robustus,,NZ,Stewart Island--east coast pelagic waters,Southland,PRESENT,1,e2e717bf-551a-4917-bdc9-4fa0f342c530,-47.008385,168.34142,NA,NA,NA,NA,NA,NA,2019-02-01T00:00:00Z,1,2,2019,2481644,2481644,HUMAN_OBSERVATION,CLO,EBIRD,OBS705440249,,,NA,CC_BY_4_0,,obsr906351,NA,,2023-01-24T15:16:57Z,,
2679249476,4fa7b334-ce0d-4e88-aaae-2e0c138d049e,URN:catalog:CLO:EBIRD_NZ:OBS727046147,Animalia,Chordata,Aves,Sphenisciformes,Spheniscidae,Eudyptes,Eudyptes robustus,,SPECIES,"Eudyptes robustus Oliver, 1953",Eudyptes robustus,,NZ,"North East Island, The Snares",Southland,PRESENT,NA,e2e717bf-551a-4917-bdc9-4fa0f342c530,-48.024292,166.6044,NA,NA,NA,NA,NA,NA,2019-03-05T00:00:00Z,5,3,2019,2481644,2481644,HUMAN_OBSERVATION,CLO,EBIRD_NZ,OBS727046147,,,NA,CC_BY_4_0,,obsr152785,NA,,2023-01-24T15:06:15Z,,CONTINENT_DERIVED_FROM_COORDINATES
2269248999,50c9509d-22c7-4a22-a47d-8c48425ef4a7,https://www.inaturalist.org/observations/27022253,Animalia,Chordata,Aves,Sphenisciformes,Spheniscidae,Eudyptes,Eudyptes robustus,,SPECIES,"Eudyptes robustus Oliver, 1953",Eudyptes robustus,,NZ,,Canterbury,PRESENT,NA,28eb1a3f-1c15-4a95-931a-4af90ecb574d,-44.206561,171.270228,27348,NA,NA,NA,NA,NA,2016-02-14T20:57:00Z,14,2,2016,2481644,2481644,HUMAN_OBSERVATION,iNaturalist,Observations,27022253,,Lloyd Esler,2019-06-15T17:10:10Z,CC_BY_NC_4_0,jamesmifan,jamesmifan,NA,,2023-04-19T13:21:32Z,StillImage,COORDINATE_ROUNDED;CONTINENT_DERIVED_FROM_COORDINATES
2243788209,b1047888-ae52-4179-9dd5-5448ea342a24,https://data.biodiversitydata.nl/xeno-canto/observation/XC396184,Animalia,Chordata,Aves,Sphenisciformes,Spheniscidae,Eudyptes,Eudyptes robustus,,SPECIES,"Eudyptes robustus Oliver, 1953",Eudyptes robustus,,NZ,Snares Island,,PRESENT,NA,1f00d75c-f6fc-4224-a595-975e82d7689c,-48.0168,166.607,NA,NA,NA,NA,NA,NA,2017-11-15T00:00:00Z,15,11,2017,2481644,2481644,HUMAN_OBSERVATION,,Wildlife sounds,XC396184,,,NA,CC_BY_NC_4_0,Sander Lagerveld,Sander Lagerveld,NA,,2023-04-25T13:38:17Z,StillImage;Sound,CONTINENT_DERIVED_FROM_COORDINATES
2229644465,4fa7b334-ce0d-4e88-aaae-2e0c138d049e,URN:catalog:CLO:EBIRD:OBS693478893,Animalia,Chordata,Aves,Sphenisciformes,Spheniscidae,Eudyptes,Eudyptes robustus,,SPECIES,"Eudyptes robustus Oliver, 1953",Eudyptes robustus,,NZ,Snares Islands (General),Southland,PRESENT,200,e2e717bf-551a-4917-bdc9-4fa0f342c530,-48.026455,166.60286,NA,NA,NA,NA,NA,NA,2018-12-24T00:00:00Z,24,12,2018,2481644,2481644,HUMAN_OBSERVATION,CLO,EBIRD,OBS693478893,,,NA,CC_BY_4_0,,obsr426476,NA,,2023-01-24T15:24:13Z,,CONTINENT_DERIVED_FROM_COORDINATES
2211292291,4fa7b334-ce0d-4e88-aaae-2e0c138d049e,URN:catalog:CLO:EBIRD_CAN:OBS684732796,Animalia,Chordata,Aves,Sphenisciformes,Spheniscidae,Eudyptes,Eudyptes robustus,,SPECIES,"Eudyptes robustus Oliver, 1953",Eudyptes robustus,,NZ,The Snares--Station Cove/Ho Ho Bay,Southland,PRESENT,1000,e2e717bf-551a-4917-bdc9-4fa0f342c530,-48.02372,166.61046,NA,NA,NA,NA,NA,NA,2018-11-13T00:00:00Z,13,11,2018,2481644,2481644,HUMAN_OBSERVATION,CLO,EBIRD_CAN,OBS684732796,,,NA,CC_BY_4_0,,obsr110763,NA,,2023-01-24T15:18:34Z,,CONTINENT_DERIVED_FROM_COORDINATES
2209811614,4fa7b334-ce0d-4e88-aaae-2e0c138d049e,URN:catalog:CLO:EBIRD:OBS682543749,Animalia,Chordata,Aves,Sphenisciformes,Spheniscidae,Eudyptes,Eudyptes robustus,,SPECIES,"Eudyptes robustus Oliver, 1953",Eudyptes robustus,,NZ,The Snares--Station Cove/Ho Ho Bay,Southland,PRESENT,1000,e2e717bf-551a-4917-bdc9-4fa0f342c530,-48.02372,166.61046,NA,NA,NA,NA,NA,NA,2018-11-13T00:00:00Z,13,11,2018,2481644,2481644,HUMAN_OBSERVATION,CLO,EBIRD,OBS682543749,,,NA,CC_BY_4_0,,obsr339557,NA,,2023-01-24T15:25:01Z,,CONTINENT_DERIVED_FROM_COORDINATES
2179386693,4fa7b334-ce0d-4e88-aaae-2e0c138d049e,URN:catalog:CLO:EBIRD:OBS631816840,Animalia,Chordata,Aves,Sphenisciformes,Spheniscidae,Eudyptes,Eudyptes robustus,,SPECIES,"Eudyptes robustus Oliver, 1953",Eudyptes robustus,,NZ,Stewart Island--east coast pelagic waters,Southland,PRESENT,1,e2e717bf-551a-4917-bdc9-4fa0f342c530,-47.008385,168.34142,NA,NA,NA,NA,NA,NA,2018-04-18T00:00:00Z,18,4,2018,2481644,2481644,HUMAN_OBSERVATION,CLO,EBIRD,OBS631816840,,,NA,CC_BY_4_0,,obsr1017588,NA,,2023-01-24T15:16:25Z,,
2175434008,4fa7b334-ce0d-4e88-aaae-2e0c138d049e,URN:catalog:CLO:EBIRD:OBS632173898,Animalia,Chordata,Aves,Sphenisciformes,Spheniscidae,Eudyptes,Eudyptes robustus,,SPECIES,"Eudyptes robustus Oliver, 1953",Eudyptes robustus,,NZ,The Snares--Station Cove/Ho Ho Bay,Southland,PRESENT,NA,e2e717bf-551a-4917-bdc9-4fa0f342c530,-48.02372,166.61046,NA,NA,NA,NA,NA,NA,2016-12-17T00:00:00Z,17,12,2016,2481644,2481644,HUMAN_OBSERVATION,CLO,EBIRD,OBS632173898,,,NA,CC_BY_4_0,,obsr838489,NA,,2023-01-24T15:04:40Z,,CONTINENT_DERIVED_FROM_COORDINATES
2172665224,4fa7b334-ce0d-4e88-aaae-2e0c138d049e,URN:catalog:CLO:EBIRD:OBS623687562,Animalia,Chordata,Aves,Sphenisciformes,Spheniscidae,Eudyptes,Eudyptes robustus,,SPECIES,"Eudyptes robustus Oliver, 1953",Eudyptes robustus,,NZ,Stewart Island--east coast pelagic waters,Southland,PRESENT,1,e2e717bf-551a-4917-bdc9-4fa0f342c530,-47.008385,168.34142,NA,NA,NA,NA,NA,NA,2018-04-18T00:00:00Z,18,4,2018,2481644,2481644,HUMAN_OBSERVATION,CLO,EBIRD,OBS623687562,,,NA,CC_BY_4_0,,obsr744340,NA,,2023-01-24T15:21:59Z,,
2162743540,4fa7b334-ce0d-4e88-aaae-2e0c138d049e,URN:catalog:CLO:EBIRD:OBS605415247,Animalia,Chordata,Aves,Sphenisciformes,Spheniscidae,Eudyptes,Eudyptes robustus,,SPECIES,"Eudyptes robustus Oliver, 1953",Eudyptes robustus,,NZ,Stewart Island--east coast pelagic waters,Southland,PRESENT,1,e2e717bf-551a-4917-bdc9-4fa0f342c530,-47.008385,168.34142,NA,NA,NA,NA,NA,NA,2018-04-18T00:00:00Z,18,4,2018,2481644,2481644,HUMAN_OBSERVATION,CLO,EBIRD,OBS605415247,,,NA,CC_BY_4_0,,obsr611226,NA,,2023-01-24T15:21:03Z,,
2162676904,4fa7b334-ce0d-4e88-aaae-2e0c138d049e,URN:catalog:CLO:EBIRD:OBS605331446,Animalia,Chordata,Aves,Sphenisciformes,Spheniscidae,Eudyptes,Eudyptes robustus,,SPECIES,"Eudyptes robustus Oliver, 1953",Eudyptes robustus,,NZ,Stewart Island--east coast pelagic waters,Southland,PRESENT,1,e2e717bf-551a-4917-bdc9-4fa0f342c530,-47.008385,168.34142,NA,NA,NA,NA,NA,NA,2018-04-18T00:00:00Z,18,4,2018,2481644,2481644,HUMAN_OBSERVATION,CLO,EBIRD,OBS605331446,,,NA,CC_BY_4_0,,obsr578535,NA,,2023-01-24T15:02:43Z,,
2162510006,4fa7b334-ce0d-4e88-aaae-2e0c138d049e,URN:catalog:CLO:EBIRD:OBS605129723,Animalia,Chordata,Aves,Sphenisciformes,Spheniscidae,Eudyptes,Eudyptes robustus,,SPECIES,"Eudyptes robustus Oliver, 1953",Eudyptes robustus,,NZ,Stewart Island--east coast pelagic waters,Southland,PRESENT,1,e2e717bf-551a-4917-bdc9-4fa0f342c530,-47.008385,168.34142,NA,NA,NA,NA,NA,NA,2018-04-18T00:00:00Z,18,4,2018,2481644,2481644,HUMAN_OBSERVATION,CLO,EBIRD,OBS605129723,,,NA,CC_BY_4_0,,obsr614601,NA,,2023-01-24T15:22:13Z,,
2162504992,4fa7b334-ce0d-4e88-aaae-2e0c138d049e,URN:catalog:CLO:EBIRD:OBS605137696,Animalia,Chordata,Aves,Sphenisciformes,Spheniscidae,Eudyptes,Eudyptes robustus,,SPECIES,"Eudyptes robustus Oliver, 1953",Eudyptes robustus,,NZ,Stewart Island--east coast pelagic waters,Southland,PRESENT,1,e2e717bf-551a-4917-bdc9-4fa0f342c530,-47.008385,168.34142,NA,NA,NA,NA,NA,NA,2018-04-18T00:00:00Z,18,4,2018,2481644,2481644,HUMAN_OBSERVATION,CLO,EBIRD,OBS605137696,,,NA,CC_BY_4_0,,obsr424839,NA,,2023-01-24T15:16:09Z,,
2162503625,4fa7b334-ce0d-4e88-aaae-2e0c138d049e,URN:catalog:CLO:EBIRD:OBS605129909,Animalia,Chordata,Aves,Sphenisciformes,Spheniscidae,Eudyptes,Eudyptes robustus,,SPECIES,"Eudyptes robustus Oliver, 1953",Eudyptes robustus,,NZ,Stewart Island--east coast pelagic waters,Southland,PRESENT,1,e2e717bf-551a-4917-bdc9-4fa0f342c530,-47.008385,168.34142,NA,NA,NA,NA,NA,NA,2018-04-18T00:00:00Z,18,4,2018,2481644,2481644,HUMAN_OBSERVATION,CLO,EBIRD,OBS605129909,,,NA,CC_BY_4_0,,obsr385904,NA,,2023-01-24T15:04:14Z,,
2151082107,4fa7b334-ce0d-4e88-aaae-2e0c138d049e,URN:catalog:CLO:EBIRD:OBS605159195,Animalia,Chordata,Aves,Sphenisciformes,Spheniscidae,Eudyptes,Eudyptes robustus,,SPECIES,"Eudyptes robustus Oliver, 1953",Eudyptes robustus,,NZ,Stewart Island--east coast pelagic waters,Southland,PRESENT,1,e2e717bf-551a-4917-bdc9-4fa0f342c530,-47.008385,168.34142,NA,NA,NA,NA,NA,NA,2018-04-18T00:00:00Z,18,4,2018,2481644,2481644,HUMAN_OBSERVATION,CLO,EBIRD,OBS605159195,,,NA,CC_BY_4_0,,obsr941871,NA,,2023-01-24T15:24:52Z,,
2151013625,4fa7b334-ce0d-4e88-aaae-2e0c138d049e,URN:catalog:CLO:EBIRD:OBS605143836,Animalia,Chordata,Aves,Sphenisciformes,Spheniscidae,Eudyptes,Eudyptes robustus,,SPECIES,"Eudyptes robustus Oliver, 1953",Eudyptes robustus,,NZ,Stewart Island--east coast pelagic waters,Southland,PRESENT,1,e2e717bf-551a-4917-bdc9-4fa0f342c530,-47.008385,168.34142,NA,NA,NA,NA,NA,NA,2018-04-18T00:00:00Z,18,4,2018,2481644,2481644,HUMAN_OBSERVATION,CLO,EBIRD,OBS605143836,,,NA,CC_BY_4_0,,obsr733478,NA,,2023-01-24T15:02:12Z,,
2148437147,4fa7b334-ce0d-4e88-aaae-2e0c138d049e,URN:catalog:CLO:EBIRD:OBS589493201,Animalia,Chordata,Aves,Sphenisciformes,Spheniscidae,Eudyptes,Eudyptes robustus,,SPECIES,"Eudyptes robustus Oliver, 1953",Eudyptes robustus,,NZ,Stewart Island--Oban & Halfmoon Bay,Southland,PRESENT,1,e2e717bf-551a-4917-bdc9-4fa0f342c530,-46.89847,168.12863,NA,NA,NA,NA,NA,NA,2018-03-19T00:00:00Z,19,3,2018,2481644,2481644,HUMAN_OBSERVATION,CLO,EBIRD,OBS589493201,,,NA,CC_BY_4_0,,obsr337176,NA,,2023-01-24T15:14:57Z,,CONTINENT_DERIVED_FROM_COORDINATES
2139389255,4fa7b334-ce0d-4e88-aaae-2e0c138d049e,URN:catalog:CLO:EBIRD:OBS605974262,Animalia,Chordata,Aves,Sphenisciformes,Spheniscidae,Eudyptes,Eudyptes robustus,,SPECIES,"Eudyptes robustus Oliver, 1953",Eudyptes robustus,,NZ,Stewart Island--east coast pelagic waters,Southland,PRESENT,1,e2e717bf-551a-4917-bdc9-4fa0f342c530,-47.008385,168.34142,NA,NA,NA,NA,NA,NA,2018-04-18T00:00:00Z,18,4,2018,2481644,2481644,HUMAN_OBSERVATION,CLO,EBIRD,OBS605974262,,,NA,CC_BY_4_0,,obsr773521,NA,,2023-01-24T15:15:28Z,,
2136164483,4fa7b334-ce0d-4e88-aaae-2e0c138d049e,URN:catalog:CLO:EBIRD:OBS589055375,Animalia,Chordata,Aves,Sphenisciformes,Spheniscidae,Eudyptes,Eudyptes robustus,,SPECIES,"Eudyptes robustus Oliver, 1953",Eudyptes robustus,,NZ,Halfmoon Bay Stewart island,Southland,PRESENT,1,e2e717bf-551a-4917-bdc9-4fa0f342c530,-46.870754,168.14026,NA,NA,NA,NA,NA,NA,2018-03-18T00:00:00Z,18,3,2018,2481644,2481644,HUMAN_OBSERVATION,CLO,EBIRD,OBS589055375,,,NA,CC_BY_4_0,,obsr994795,NA,,2023-01-24T15:23:26Z,,CONTINENT_DERIVED_FROM_COORDINATES
2124566135,4fa7b334-ce0d-4e88-aaae-2e0c138d049e,URN:catalog:CLO:EBIRD:OBS562431091,Animalia,Chordata,Aves,Sphenisciformes,Spheniscidae,Eudyptes,Eudyptes robustus,,SPECIES,"Eudyptes robustus Oliver, 1953",Eudyptes robustus,,NZ,The Snares--Station Cove/Ho Ho Bay,Southland,PRESENT,200,e2e717bf-551a-4917-bdc9-4fa0f342c530,-48.02372,166.61046,NA,NA,NA,NA,NA,NA,2017-12-23T00:00:00Z,23,12,2017,2481644,2481644,HUMAN_OBSERVATION,CLO,EBIRD,OBS562431091,,,NA,CC_BY_4_0,,obsr441547,NA,,2023-01-24T15:21:37Z,,CONTINENT_DERIVED_FROM_COORDINATES
2123869945,4fa7b334-ce0d-4e88-aaae-2e0c138d049e,URN:catalog:CLO:EBIRD:OBS573072708,Animalia,Chordata,Aves,Sphenisciformes,Spheniscidae,Eudyptes,Eudyptes robustus,,SPECIES,"Eudyptes robustus Oliver, 1953",Eudyptes robustus,,NZ,Stewart Island--Acker's Pt Lighthouse,Southland,PRESENT,1,e2e717bf-551a-4917-bdc9-4fa0f342c530,-46.89598,168.16034,NA,NA,NA,NA,NA,NA,2018-01-23T00:00:00Z,23,1,2018,2481644,2481644,HUMAN_OBSERVATION,CLO,EBIRD,OBS573072708,,,NA,CC_BY_4_0,,obsr723219,NA,,2023-01-24T15:00:41Z,,CONTINENT_DERIVED_FROM_COORDINATES
2121517214,4fa7b334-ce0d-4e88-aaae-2e0c138d049e,URN:catalog:CLO:EBIRD:OBS587253724,Animalia,Chordata,Aves,Sphenisciformes,Spheniscidae,Eudyptes,Eudyptes robustus,,SPECIES,"Eudyptes robustus Oliver, 1953",Eudyptes robustus,,NZ,"South Pacific Ocean (-48.0263,166.6135)",Southland,PRESENT,400,e2e717bf-551a-4917-bdc9-4fa0f342c530,-48.02631,166.6135,NA,NA,NA,NA,NA,NA,2018-02-10T00:00:00Z,10,2,2018,2481644,2481644,HUMAN_OBSERVATION,CLO,EBIRD,OBS587253724,,,NA,CC_BY_4_0,,obsr887393,NA,,2023-01-24T15:20:17Z,,CONTINENT_DERIVED_FROM_COORDINATES
2110394634,4fa7b334-ce0d-4e88-aaae-2e0c138d049e,URN:catalog:CLO:EBIRD_NZ:OBS556697483,Animalia,Chordata,Aves,Sphenisciformes,Spheniscidae,Eudyptes,Eudyptes robustus,,SPECIES,"Eudyptes robustus Oliver, 1953",Eudyptes robustus,,NZ,The Snares--Station Cove/Ho Ho Bay,Southland,PRESENT,200,e2e717bf-551a-4917-bdc9-4fa0f342c530,-48.02372,166.61046,NA,NA,NA,NA,NA,NA,2017-12-03T00:00:00Z,3,12,2017,2481644,2481644,HUMAN_OBSERVATION,CLO,EBIRD_NZ,OBS556697483,,,NA,CC_BY_4_0,,obsr411589,NA,,2023-01-24T15:21:23Z,,CONTINENT_DERIVED_FROM_COORDINATES
2109241898,4fa7b334-ce0d-4e88-aaae-2e0c138d049e,URN:catalog:CLO:EBIRD:OBS554381781,Animalia,Chordata,Aves,Sphenisciformes,Spheniscidae,Eudyptes,Eudyptes robustus,,SPECIES,"Eudyptes robustus Oliver, 1953",Eudyptes robustus,,NZ,The Snares--Station Cove/Ho Ho Bay,Southland,PRESENT,200,e2e717bf-551a-4917-bdc9-4fa0f342c530,-48.02372,166.61046,NA,NA,NA,NA,NA,NA,2017-11-15T00:00:00Z,15,11,2017,2481644,2481644,HUMAN_OBSERVATION,CLO,EBIRD,OBS554381781,,,NA,CC_BY_4_0,,obsr838057,NA,,2023-01-24T15:02:51Z,,CONTINENT_DERIVED_FROM_COORDINATES
2107476388,4fa7b334-ce0d-4e88-aaae-2e0c138d049e,URN:catalog:CLO:EBIRD:OBS570371464,Animalia,Chordata,Aves,Sphenisciformes,Spheniscidae,Eudyptes,Eudyptes robustus,,SPECIES,"Eudyptes robustus Oliver, 1953",Eudyptes robustus,,NZ,Stewart Island--Acker's Pt Lighthouse,Southland,PRESENT,1,e2e717bf-551a-4917-bdc9-4fa0f342c530,-46.89598,168.16034,NA,NA,NA,NA,NA,NA,2018-01-23T00:00:00Z,23,1,2018,2481644,2481644,HUMAN_OBSERVATION,CLO,EBIRD,OBS570371464,,,NA,CC_BY_4_0,,obsr559128,NA,,2023-01-24T15:20:12Z,,CONTINENT_DERIVED_FROM_COORDINATES
2101203116,4fa7b334-ce0d-4e88-aaae-2e0c138d049e,URN:catalog:CLO:EBIRD:OBS561296919,Animalia,Chordata,Aves,Sphenisciformes,Spheniscidae,Eudyptes,Eudyptes robustus,,SPECIES,"Eudyptes robustus Oliver, 1953",Eudyptes robustus,,NZ,"-48.0316x166.6208 - Jan 5, 2017, 7:58 AM",Southland,PRESENT,415,e2e717bf-551a-4917-bdc9-4fa0f342c530,-48.031586,166.62082,NA,NA,NA,NA,NA,NA,2017-01-05T00:00:00Z,5,1,2017,2481644,2481644,HUMAN_OBSERVATION,CLO,EBIRD,OBS561296919,,,NA,CC_BY_4_0,,obsr104379,NA,,2023-01-24T15:06:03Z,,CONTINENT_DERIVED_FROM_COORDINATES
2054777013,4fa7b334-ce0d-4e88-aaae-2e0c138d049e,URN:catalog:CLO:EBIRD_NZ:OBS478724215,Animalia,Chordata,Aves,Sphenisciformes,Spheniscidae,Eudyptes,Eudyptes robustus,,SPECIES,"Eudyptes robustus Oliver, 1953",Eudyptes robustus,,NZ,Oban to Horseshoe Bay Road,Southland,PRESENT,1,e2e717bf-551a-4917-bdc9-4fa0f342c530,-46.89205,168.13075,NA,NA,NA,NA,NA,NA,2017-03-22T00:00:00Z,22,3,2017,2481644,2481644,HUMAN_OBSERVATION,CLO,EBIRD_NZ,OBS478724215,,,NA,CC_BY_4_0,,obsr402151,NA,,2023-01-24T15:13:41Z,,CONTINENT_DERIVED_FROM_COORDINATES
2053390216,4fa7b334-ce0d-4e88-aaae-2e0c138d049e,URN:catalog:CLO:EBIRD_NZ:OBS483490363,Animalia,Chordata,Aves,Sphenisciformes,Spheniscidae,Eudyptes,Eudyptes robustus,,SPECIES,"Eudyptes robustus Oliver, 1953",Eudyptes robustus,,NZ,Snares Islands,Southland,PRESENT,NA,e2e717bf-551a-4917-bdc9-4fa0f342c530,-48.004623,166.54175,NA,NA,NA,NA,NA,NA,2017-04-05T00:00:00Z,5,4,2017,2481644,2481644,HUMAN_OBSERVATION,CLO,EBIRD_NZ,OBS483490363,,,NA,CC_BY_4_0,,obsr152785,NA,,2023-01-24T15:03:08Z,,CONTINENT_DERIVED_FROM_COORDINATES
2050100350,4fa7b334-ce0d-4e88-aaae-2e0c138d049e,URN:catalog:CLO:EBIRD_NZ:OBS479443660,Animalia,Chordata,Aves,Sphenisciformes,Spheniscidae,Eudyptes,Eudyptes robustus,,SPECIES,"Eudyptes robustus Oliver, 1953",Eudyptes robustus,,NZ,Horseshoe bay,Southland,PRESENT,1,e2e717bf-551a-4917-bdc9-4fa0f342c530,-46.892895,168.12823,NA,NA,NA,NA,NA,NA,2017-03-22T00:00:00Z,22,3,2017,2481644,2481644,HUMAN_OBSERVATION,CLO,EBIRD_NZ,OBS479443660,,,NA,CC_BY_4_0,,obsr167943,NA,,2023-01-24T15:14:16Z,,CONTINENT_DERIVED_FROM_COORDINATES
2047708123,4fa7b334-ce0d-4e88-aaae-2e0c138d049e,URN:catalog:CLO:EBIRD_NZ:OBS477989974,Animalia,Chordata,Aves,Sphenisciformes,Spheniscidae,Eudyptes,Eudyptes robustus,,SPECIES,"Eudyptes robustus Oliver, 1953",Eudyptes robustus,,NZ,"Horseshoe Bay, Stewart Islan",Southland,PRESENT,1,e2e717bf-551a-4917-bdc9-4fa0f342c530,-46.871765,168.1311,NA,NA,NA,NA,NA,NA,2017-03-23T00:00:00Z,23,3,2017,2481644,2481644,HUMAN_OBSERVATION,CLO,EBIRD_NZ,OBS477989974,,,NA,CC_BY_4_0,,obsr397019,NA,,2023-01-24T15:20:06Z,,CONTINENT_DERIVED_FROM_COORDINATES
2042614889,4fa7b334-ce0d-4e88-aaae-2e0c138d049e,URN:catalog:CLO:EBIRD:OBS462884097,Animalia,Chordata,Aves,Sphenisciformes,Spheniscidae,Eudyptes,Eudyptes robustus,,SPECIES,"Eudyptes robustus Oliver, 1953",Eudyptes robustus,,NZ,"-48.0316x166.6208 - Jan 5, 2017, 7:58 AM",Southland,PRESENT,415,e2e717bf-551a-4917-bdc9-4fa0f342c530,-48.031586,166.62082,NA,NA,NA,NA,NA,NA,2017-01-05T00:00:00Z,5,1,2017,2481644,2481644,HUMAN_OBSERVATION,CLO,EBIRD,OBS462884097,,,NA,CC_BY_4_0,,obsr852439,NA,,2023-01-24T15:14:38Z,,CONTINENT_DERIVED_FROM_COORDINATES
2039981709,4fa7b334-ce0d-4e88-aaae-2e0c138d049e,URN:catalog:CLO:EBIRD:OBS459012440,Animalia,Chordata,Aves,Sphenisciformes,Spheniscidae,Eudyptes,Eudyptes robustus,,SPECIES,"Eudyptes robustus Oliver, 1953",Eudyptes robustus,,NZ,The Snares--Station Cove/Ho Ho Bay,Southland,PRESENT,100,e2e717bf-551a-4917-bdc9-4fa0f342c530,-48.02372,166.61046,NA,NA,NA,NA,NA,NA,2017-01-05T00:00:00Z,5,1,2017,2481644,2481644,HUMAN_OBSERVATION,CLO,EBIRD,OBS459012440,,,NA,CC_BY_4_0,,obsr206950,NA,,2023-01-24T14:59:19Z,,CONTINENT_DERIVED_FROM_COORDINATES
2039050581,4fa7b334-ce0d-4e88-aaae-2e0c138d049e,URN:catalog:CLO:EBIRD:OBS464633087,Animalia,Chordata,Aves,Sphenisciformes,Spheniscidae,Eudyptes,Eudyptes robustus,,SPECIES,"Eudyptes robustus Oliver, 1953",Eudyptes robustus,,NZ,"-48.0316x166.6208 - Jan 5, 2017, 7:58 AM",Southland,PRESENT,415,e2e717bf-551a-4917-bdc9-4fa0f342c530,-48.031586,166.62082,NA,NA,NA,NA,NA,NA,2017-01-05T00:00:00Z,5,1,2017,2481644,2481644,HUMAN_OBSERVATION,CLO,EBIRD,OBS464633087,,,NA,CC_BY_4_0,,obsr851798,NA,,2023-01-24T15:19:19Z,,CONTINENT_DERIVED_FROM_COORDINATES
2037926573,4fa7b334-ce0d-4e88-aaae-2e0c138d049e,URN:catalog:CLO:EBIRD:OBS462555374,Animalia,Chordata,Aves,Sphenisciformes,Spheniscidae,Eudyptes,Eudyptes robustus,,SPECIES,"Eudyptes robustus Oliver, 1953",Eudyptes robustus,,NZ,"-48.0316x166.6208 - Jan 5, 2017, 7:58 AM",Southland,PRESENT,415,e2e717bf-551a-4917-bdc9-4fa0f342c530,-48.031586,166.62082,NA,NA,NA,NA,NA,NA,2017-01-05T00:00:00Z,5,1,2017,2481644,2481644,HUMAN_OBSERVATION,CLO,EBIRD,OBS462555374,,,NA,CC_BY_4_0,,obsr377289,NA,,2023-01-24T14:59:24Z,,CONTINENT_DERIVED_FROM_COORDINATES
2037867211,4fa7b334-ce0d-4e88-aaae-2e0c138d049e,URN:catalog:CLO:EBIRD:OBS462471932,Animalia,Chordata,Aves,Sphenisciformes,Spheniscidae,Eudyptes,Eudyptes robustus,,SPECIES,"Eudyptes robustus Oliver, 1953",Eudyptes robustus,,NZ,"-48.0316x166.6208 - Jan 5, 2017, 7:58 AM",Southland,PRESENT,415,e2e717bf-551a-4917-bdc9-4fa0f342c530,-48.031586,166.62082,NA,NA,NA,NA,NA,NA,2017-01-05T00:00:00Z,5,1,2017,2481644,2481644,HUMAN_OBSERVATION,CLO,EBIRD,OBS462471932,,,NA,CC_BY_4_0,,obsr851455,NA,,2023-01-24T15:19:49Z,,CONTINENT_DERIVED_FROM_COORDINATES
2037571722,4fa7b334-ce0d-4e88-aaae-2e0c138d049e,URN:catalog:CLO:EBIRD:OBS462150068,Animalia,Chordata,Aves,Sphenisciformes,Spheniscidae,Eudyptes,Eudyptes robustus,,SPECIES,"Eudyptes robustus Oliver, 1953",Eudyptes robustus,,NZ,"-48.0316x166.6208 - Jan 5, 2017, 7:58 AM",Southland,PRESENT,415,e2e717bf-551a-4917-bdc9-4fa0f342c530,-48.031586,166.62082,NA,NA,NA,NA,NA,NA,2017-01-05T00:00:00Z,5,1,2017,2481644,2481644,HUMAN_OBSERVATION,CLO,EBIRD,OBS462150068,,,NA,CC_BY_4_0,,obsr86402,NA,,2023-01-24T15:04:06Z,,CONTINENT_DERIVED_FROM_COORDINATES
2037506374,4fa7b334-ce0d-4e88-aaae-2e0c138d049e,URN:catalog:CLO:EBIRD:OBS462107103,Animalia,Chordata,Aves,Sphenisciformes,Spheniscidae,Eudyptes,Eudyptes robustus,,SPECIES,"Eudyptes robustus Oliver, 1953",Eudyptes robustus,,NZ,"-48.0316x166.6208 - Jan 5, 2017, 7:58 AM",Southland,PRESENT,415,e2e717bf-551a-4917-bdc9-4fa0f342c530,-48.031586,166.62082,NA,NA,NA,NA,NA,NA,2017-01-05T00:00:00Z,5,1,2017,2481644,2481644,HUMAN_OBSERVATION,CLO,EBIRD,OBS462107103,,,NA,CC_BY_4_0,,obsr56093,NA,,2023-01-24T15:19:14Z,,CONTINENT_DERIVED_FROM_COORDINATES
2037464785,4fa7b334-ce0d-4e88-aaae-2e0c138d049e,URN:catalog:CLO:EBIRD:OBS456225815,Animalia,Chordata,Aves,Sphenisciformes,Spheniscidae,Eudyptes,Eudyptes robustus,,SPECIES,"Eudyptes robustus Oliver, 1953",Eudyptes robustus,,NZ,"-48.0316x166.6208 - Jan 5, 2017, 7:58 AM",Southland,PRESENT,415,e2e717bf-551a-4917-bdc9-4fa0f342c530,-48.031586,166.62082,NA,NA,NA,NA,NA,NA,2017-01-05T00:00:00Z,5,1,2017,2481644,2481644,HUMAN_OBSERVATION,CLO,EBIRD,OBS456225815,,,NA,CC_BY_4_0,,obsr142759,NA,,2023-01-24T14:59:21Z,,CONTINENT_DERIVED_FROM_COORDINATES
2036918798,4fa7b334-ce0d-4e88-aaae-2e0c138d049e,URN:catalog:CLO:EBIRD:OBS463512482,Animalia,Chordata,Aves,Sphenisciformes,Spheniscidae,Eudyptes,Eudyptes robustus,,SPECIES,"Eudyptes robustus Oliver, 1953",Eudyptes robustus,,NZ,"-48.0316x166.6208 - Jan 5, 2017, 7:58 AM",Southland,PRESENT,415,e2e717bf-551a-4917-bdc9-4fa0f342c530,-48.031586,166.62082,NA,NA,NA,NA,NA,NA,2017-01-05T00:00:00Z,5,1,2017,2481644,2481644,HUMAN_OBSERVATION,CLO,EBIRD,OBS463512482,,,NA,CC_BY_4_0,,obsr266240,NA,,2023-01-24T15:20:25Z,,CONTINENT_DERIVED_FROM_COORDINATES
2036083824,4fa7b334-ce0d-4e88-aaae-2e0c138d049e,URN:catalog:CLO:EBIRD:OBS462429428,Animalia,Chordata,Aves,Sphenisciformes,Spheniscidae,Eudyptes,Eudyptes robustus,,SPECIES,"Eudyptes robustus Oliver, 1953",Eudyptes robustus,,NZ,"-48.0316x166.6208 - Jan 5, 2017, 7:58 AM",Southland,PRESENT,415,e2e717bf-551a-4917-bdc9-4fa0f342c530,-48.031586,166.62082,NA,NA,NA,NA,NA,NA,2017-01-05T00:00:00Z,5,1,2017,2481644,2481644,HUMAN_OBSERVATION,CLO,EBIRD,OBS462429428,,,NA,CC_BY_4_0,,obsr276015,NA,,2023-01-24T15:00:46Z,,CONTINENT_DERIVED_FROM_COORDINATES
2036063219,4fa7b334-ce0d-4e88-aaae-2e0c138d049e,URN:catalog:CLO:EBIRD:OBS462393640,Animalia,Chordata,Aves,Sphenisciformes,Spheniscidae,Eudyptes,Eudyptes robustus,,SPECIES,"Eudyptes robustus Oliver, 1953",Eudyptes robustus,,NZ,"-48.0316x166.6208 - Jan 5, 2017, 7:58 AM",Southland,PRESENT,415,e2e717bf-551a-4917-bdc9-4fa0f342c530,-48.031586,166.62082,NA,NA,NA,NA,NA,NA,2017-01-05T00:00:00Z,5,1,2017,2481644,2481644,HUMAN_OBSERVATION,CLO,EBIRD,OBS462393640,,,NA,CC_BY_4_0,,obsr155271,NA,,2023-01-24T15:00:41Z,,CONTINENT_DERIVED_FROM_COORDINATES
2035872130,4fa7b334-ce0d-4e88-aaae-2e0c138d049e,URN:catalog:CLO:EBIRD:OBS462120292,Animalia,Chordata,Aves,Sphenisciformes,Spheniscidae,Eudyptes,Eudyptes robustus,,SPECIES,"Eudyptes robustus Oliver, 1953",Eudyptes robustus,,NZ,"-48.0316x166.6208 - Jan 5, 2017, 7:58 AM",Southland,PRESENT,415,e2e717bf-551a-4917-bdc9-4fa0f342c530,-48.031586,166.62082,NA,NA,NA,NA,NA,NA,2017-01-05T00:00:00Z,5,1,2017,2481644,2481644,HUMAN_OBSERVATION,CLO,EBIRD,OBS462120292,,,NA,CC_BY_4_0,,obsr220859,NA,,2023-01-24T15:02:53Z,,CONTINENT_DERIVED_FROM_COORDINATES
2035870040,4fa7b334-ce0d-4e88-aaae-2e0c138d049e,URN:catalog:CLO:EBIRD:OBS462130824,Animalia,Chordata,Aves,Sphenisciformes,Spheniscidae,Eudyptes,Eudyptes robustus,,SPECIES,"Eudyptes robustus Oliver, 1953",Eudyptes robustus,,NZ,"-48.0316x166.6208 - Jan 5, 2017, 7:58 AM",Southland,PRESENT,415,e2e717bf-551a-4917-bdc9-4fa0f342c530,-48.031586,166.62082,NA,NA,NA,NA,NA,NA,2017-01-05T00:00:00Z,5,1,2017,2481644,2481644,HUMAN_OBSERVATION,CLO,EBIRD,OBS462130824,,,NA,CC_BY_4_0,,obsr223448,NA,,2023-01-24T15:20:52Z,,CONTINENT_DERIVED_FROM_COORDINATES
2031955271,4fa7b334-ce0d-4e88-aaae-2e0c138d049e,URN:catalog:CLO:EBIRD:OBS466396863,Animalia,Chordata,Aves,Sphenisciformes,Spheniscidae,Eudyptes,Eudyptes robustus,,SPECIES,"Eudyptes robustus Oliver, 1953",Eudyptes robustus,,NZ,The Snares--Station Cove/Ho Ho Bay,Southland,PRESENT,100,e2e717bf-551a-4917-bdc9-4fa0f342c530,-48.02372,166.61046,NA,NA,NA,NA,NA,NA,2017-01-05T00:00:00Z,5,1,2017,2481644,2481644,HUMAN_OBSERVATION,CLO,EBIRD,OBS466396863,,,NA,CC_BY_4_0,,obsr266240,NA,,2023-01-24T15:15:59Z,,CONTINENT_DERIVED_FROM_COORDINATES
2031256807,4fa7b334-ce0d-4e88-aaae-2e0c138d049e,URN:catalog:CLO:EBIRD:OBS463530068,Animalia,Chordata,Aves,Sphenisciformes,Spheniscidae,Eudyptes,Eudyptes robustus,,SPECIES,"Eudyptes robustus Oliver, 1953",Eudyptes robustus,,NZ,"-48.0316x166.6208 - Jan 5, 2017, 7:58 AM",Southland,PRESENT,415,e2e717bf-551a-4917-bdc9-4fa0f342c530,-48.031586,166.62082,NA,NA,NA,NA,NA,NA,2017-01-05T00:00:00Z,5,1,2017,2481644,2481644,HUMAN_OBSERVATION,CLO,EBIRD,OBS463530068,,,NA,CC_BY_4_0,,obsr206950,NA,,2023-01-24T15:20:18Z,,CONTINENT_DERIVED_FROM_COORDINATES
2031012152,4fa7b334-ce0d-4e88-aaae-2e0c138d049e,URN:catalog:CLO:EBIRD:OBS462186757,Animalia,Chordata,Aves,Sphenisciformes,Spheniscidae,Eudyptes,Eudyptes robustus,,SPECIES,"Eudyptes robustus Oliver, 1953",Eudyptes robustus,,NZ,"-48.0316x166.6208 - Jan 5, 2017, 7:58 AM",Southland,PRESENT,415,e2e717bf-551a-4917-bdc9-4fa0f342c530,-48.031586,166.62082,NA,NA,NA,NA,NA,NA,2017-01-05T00:00:00Z,5,1,2017,2481644,2481644,HUMAN_OBSERVATION,CLO,EBIRD,OBS462186757,,,NA,CC_BY_4_0,,obsr102498,NA,,2023-01-24T15:01:47Z,,CONTINENT_DERIVED_FROM_COORDINATES
2031003124,4fa7b334-ce0d-4e88-aaae-2e0c138d049e,URN:catalog:CLO:EBIRD:OBS462119765,Animalia,Chordata,Aves,Sphenisciformes,Spheniscidae,Eudyptes,Eudyptes robustus,,SPECIES,"Eudyptes robustus Oliver, 1953",Eudyptes robustus,,NZ,"-48.0316x166.6208 - Jan 5, 2017, 7:58 AM",Southland,PRESENT,415,e2e717bf-551a-4917-bdc9-4fa0f342c530,-48.031586,166.62082,NA,NA,NA,NA,NA,NA,2017-01-05T00:00:00Z,5,1,2017,2481644,2481644,HUMAN_OBSERVATION,CLO,EBIRD,OBS462119765,,,NA,CC_BY_4_0,,obsr313216,NA,,2023-01-24T14:59:23Z,,CONTINENT_DERIVED_FROM_COORDINATES
1986578561,50c9509d-22c7-4a22-a47d-8c48425ef4a7,https://www.inaturalist.org/observations/19416108,Animalia,Chordata,Aves,Sphenisciformes,Spheniscidae,Eudyptes,Eudyptes robustus,,SPECIES,"Eudyptes robustus Oliver, 1953",Eudyptes robustus,,NZ,,Southland,PRESENT,NA,28eb1a3f-1c15-4a95-931a-4af90ecb574d,-48.06016,166.732309,26743,NA,NA,NA,NA,NA,2018-12-24T09:28:00Z,24,12,2018,2481644,2481644,HUMAN_OBSERVATION,iNaturalist,Observations,19416108,,Alex Fergus,2019-01-04T10:53:43Z,CC_BY_NC_4_0,Alex Fergus,Alex Fergus,NA,,2023-04-19T13:10:12Z,StillImage,COORDINATE_ROUNDED
1945461621,50c9509d-22c7-4a22-a47d-8c48425ef4a7,https://www.inaturalist.org/observations/18532307,Animalia,Chordata,Aves,Sphenisciformes,Spheniscidae,Eudyptes,Eudyptes robustus,,SPECIES,"Eudyptes robustus Oliver, 1953",Eudyptes robustus,,NZ,,Southland,PRESENT,NA,28eb1a3f-1c15-4a95-931a-4af90ecb574d,-48.199441,166.740057,26743,NA,NA,NA,NA,NA,2018-01-10T19:16:00Z,10,1,2018,2481644,2481644,HUMAN_OBSERVATION,iNaturalist,Observations,18532307,,Ellen Rykers,2018-11-21T06:39:37Z,CC0_1_0,Ellen Rykers,Ellen Rykers,NA,,2023-04-19T13:09:00Z,StillImage,COORDINATE_ROUNDED
1805421162,50c9509d-22c7-4a22-a47d-8c48425ef4a7,https://www.inaturalist.org/observations/9534065,Animalia,Chordata,Aves,Sphenisciformes,Spheniscidae,Eudyptes,Eudyptes robustus,,SPECIES,"Eudyptes robustus Oliver, 1953",Eudyptes robustus,,NZ,,Southland,PRESENT,NA,28eb1a3f-1c15-4a95-931a-4af90ecb574d,-48.116123,166.694524,26743,NA,NA,NA,NA,NA,2018-01-04T08:39:00Z,4,1,2018,2481644,2481644,HUMAN_OBSERVATION,iNaturalist,Observations,9534065,,John B,2018-01-20T01:54:46Z,CC_BY_NC_4_0,John B,John B,NA,,2023-04-19T13:15:38Z,StillImage,COORDINATE_ROUNDED
1805379442,50c9509d-22c7-4a22-a47d-8c48425ef4a7,https://www.inaturalist.org/observations/9428121,Animalia,Chordata,Aves,Sphenisciformes,Spheniscidae,Eudyptes,Eudyptes robustus,,SPECIES,"Eudyptes robustus Oliver, 1953",Eudyptes robustus,,NZ,,Southland,PRESENT,NA,28eb1a3f-1c15-4a95-931a-4af90ecb574d,-48.173092,166.608122,26743,NA,NA,NA,NA,NA,2018-01-04T08:17:00Z,4,1,2018,2481644,2481644,HUMAN_OBSERVATION,iNaturalist,Observations,9428121,,Melissa Hutchison,2018-01-10T07:37:26Z,CC_BY_NC_4_0,Melissa Hutchison,Melissa Hutchison,NA,,2023-04-19T13:16:15Z,StillImage,COORDINATE_ROUNDED
1788514824,4fa7b334-ce0d-4e88-aaae-2e0c138d049e,URN:catalog:CLO:EBIRD_NZ:OBS492748418,Animalia,Chordata,Aves,Sphenisciformes,Spheniscidae,Eudyptes,Eudyptes robustus,,SPECIES,"Eudyptes robustus Oliver, 1953",Eudyptes robustus,,NZ,The Snares--Station Cove/Ho Ho Bay,Southland,PRESENT,NA,e2e717bf-551a-4917-bdc9-4fa0f342c530,-48.02372,166.61046,NA,NA,NA,NA,NA,NA,2016-12-25T00:00:00Z,25,12,2016,2481644,2481644,HUMAN_OBSERVATION,CLO,EBIRD_NZ,OBS492748418,,,NA,CC_BY_4_0,,obsr416157,NA,,2023-01-24T15:20:06Z,,CONTINENT_DERIVED_FROM_COORDINATES
1786523180,4fa7b334-ce0d-4e88-aaae-2e0c138d049e,URN:catalog:CLO:EBIRD:OBS474796182,Animalia,Chordata,Aves,Sphenisciformes,Spheniscidae,Eudyptes,Eudyptes robustus,,SPECIES,"Eudyptes robustus Oliver, 1953",Eudyptes robustus,,NZ,The Snares--Station Cove/Ho Ho Bay,Southland,PRESENT,100,e2e717bf-551a-4917-bdc9-4fa0f342c530,-48.02372,166.61046,NA,NA,NA,NA,NA,NA,2015-11-17T00:00:00Z,17,11,2015,2481644,2481644,HUMAN_OBSERVATION,CLO,EBIRD,OBS474796182,,,NA,CC_BY_4_0,,obsr519295,NA,,2023-01-24T15:00:45Z,,CONTINENT_DERIVED_FROM_COORDINATES
1777681058,4fa7b334-ce0d-4e88-aaae-2e0c138d049e,URN:catalog:CLO:EBIRD:OBS447752886,Animalia,Chordata,Aves,Sphenisciformes,Spheniscidae,Eudyptes,Eudyptes robustus,,SPECIES,"Eudyptes robustus Oliver, 1953",Eudyptes robustus,,NZ,The Snares--Station Cove/Ho Ho Bay,Southland,PRESENT,100,e2e717bf-551a-4917-bdc9-4fa0f342c530,-48.02372,166.61046,NA,NA,NA,NA,NA,NA,2016-11-18T00:00:00Z,18,11,2016,2481644,2481644,HUMAN_OBSERVATION,CLO,EBIRD,OBS447752886,,,NA,CC_BY_4_0,,obsr235798,NA,,2023-01-24T15:22:10Z,,CONTINENT_DERIVED_FROM_COORDINATES
1771574473,4fa7b334-ce0d-4e88-aaae-2e0c138d049e,URN:catalog:CLO:EBIRD:OBS441108872,Animalia,Chordata,Aves,Sphenisciformes,Spheniscidae,Eudyptes,Eudyptes robustus,,SPECIES,"Eudyptes robustus Oliver, 1953",Eudyptes robustus,,NZ,The Snares--Station Cove/Ho Ho Bay,Southland,PRESENT,100,e2e717bf-551a-4917-bdc9-4fa0f342c530,-48.02372,166.61046,NA,NA,NA,NA,NA,NA,2015-11-17T00:00:00Z,17,11,2015,2481644,2481644,HUMAN_OBSERVATION,CLO,EBIRD,OBS441108872,,,NA,CC_BY_4_0,,obsr41159,NA,,2023-01-24T15:19:52Z,,CONTINENT_DERIVED_FROM_COORDINATES
1763838071,4fa7b334-ce0d-4e88-aaae-2e0c138d049e,URN:catalog:CLO:EBIRD_AU:OBS432720314,Animalia,Chordata,Aves,Sphenisciformes,Spheniscidae,Eudyptes,Eudyptes robustus,,SPECIES,"Eudyptes robustus Oliver, 1953",Eudyptes robustus,,AU,Tasman National Park--The Blowhole,Tasmania,PRESENT,1,e2e717bf-551a-4917-bdc9-4fa0f342c530,-43.03413,147.94888,NA,NA,NA,NA,NA,NA,2016-09-09T00:00:00Z,9,9,2016,2481644,2481644,HUMAN_OBSERVATION,CLO,EBIRD_AU,OBS432720314,,,NA,CC_BY_4_0,,obsr529134,NA,,2023-01-24T15:19:29Z,,CONTINENT_DERIVED_FROM_COORDINATES
1727581857,4fa7b334-ce0d-4e88-aaae-2e0c138d049e,URN:catalog:CLO:EBIRD_NZ:OBS391066056,Animalia,Chordata,Aves,Sphenisciformes,Spheniscidae,Eudyptes,Eudyptes robustus,,SPECIES,"Eudyptes robustus Oliver, 1953",Eudyptes robustus,,NZ,"North East Island, The Snares",Southland,PRESENT,NA,e2e717bf-551a-4917-bdc9-4fa0f342c530,-48.024292,166.6044,NA,NA,NA,NA,NA,NA,2016-04-09T00:00:00Z,9,4,2016,2481644,2481644,HUMAN_OBSERVATION,CLO,EBIRD_NZ,OBS391066056,,,NA,CC_BY_4_0,,obsr152785,NA,,2023-01-24T15:02:36Z,,CONTINENT_DERIVED_FROM_COORDINATES
1724486956,4fa7b334-ce0d-4e88-aaae-2e0c138d049e,URN:catalog:CLO:EBIRD_NZ:OBS387135755,Animalia,Chordata,Aves,Sphenisciformes,Spheniscidae,Eudyptes,Eudyptes robustus,,SPECIES,"Eudyptes robustus Oliver, 1953",Eudyptes robustus,,NZ,Snares Islands (NE Island),Southland,PRESENT,500,e2e717bf-551a-4917-bdc9-4fa0f342c530,-48.01944,166.61003,NA,NA,NA,NA,NA,NA,2016-02-11T00:00:00Z,11,2,2016,2481644,2481644,HUMAN_OBSERVATION,CLO,EBIRD_NZ,OBS387135755,,,NA,CC_BY_4_0,,obsr154724,NA,,2023-01-24T15:18:29Z,,CONTINENT_DERIVED_FROM_COORDINATES
1721672609,4fa7b334-ce0d-4e88-aaae-2e0c138d049e,URN:catalog:CLO:EBIRD:OBS382523485,Animalia,Chordata,Aves,Sphenisciformes,Spheniscidae,Eudyptes,Eudyptes robustus,,SPECIES,"Eudyptes robustus Oliver, 1953",Eudyptes robustus,,NZ,Otago Peninsula--Penguin beach,Otago,PRESENT,1,e2e717bf-551a-4917-bdc9-4fa0f342c530,-45.803795,170.74403,NA,NA,NA,NA,NA,NA,2016-03-16T00:00:00Z,16,3,2016,2481644,2481644,HUMAN_OBSERVATION,CLO,EBIRD,OBS382523485,,,NA,CC_BY_4_0,,obsr421840,NA,,2023-01-24T15:18:59Z,,CONTINENT_DERIVED_FROM_COORDINATES
1453366127,50c9509d-22c7-4a22-a47d-8c48425ef4a7,http://naturewatch.org.nz/observations/4975869,Animalia,Chordata,Aves,Sphenisciformes,Spheniscidae,Eudyptes,Eudyptes robustus,,SPECIES,"Eudyptes robustus Oliver, 1953",Eudyptes robustus,,NZ,,Southland,PRESENT,NA,28eb1a3f-1c15-4a95-931a-4af90ecb574d,-48.057478,166.71658300000001,26743,NA,NA,NA,NA,NA,2016-12-25T09:27:00Z,25,12,2016,2481644,2481644,HUMAN_OBSERVATION,iNaturalist,Observations,4975869,,Alex Fergus,2017-01-20T09:38:19Z,CC_BY_NC_4_0,Alex Fergus,Alex Fergus,NA,,2023-04-19T13:14:50Z,StillImage,COORDINATE_ROUNDED
1453366126,50c9509d-22c7-4a22-a47d-8c48425ef4a7,http://naturewatch.org.nz/observations/4975904,Animalia,Chordata,Aves,Sphenisciformes,Spheniscidae,Eudyptes,Eudyptes robustus,,SPECIES,"Eudyptes robustus Oliver, 1953",Eudyptes robustus,,NZ,,Southland,PRESENT,NA,28eb1a3f-1c15-4a95-931a-4af90ecb574d,-48.021135,166.67558,26759,NA,NA,NA,NA,NA,2016-12-25T10:36:00Z,25,12,2016,2481644,2481644,HUMAN_OBSERVATION,iNaturalist,Observations,4975904,,Alex Fergus,2017-01-20T09:52:21Z,CC_BY_NC_4_0,Alex Fergus,Alex Fergus,NA,,2023-04-19T13:07:58Z,StillImage,COORDINATE_ROUNDED
1362575255,4fa7b334-ce0d-4e88-aaae-2e0c138d049e,URN:catalog:CLO:EBIRD_NZ:OBS313333309,Animalia,Chordata,Aves,Sphenisciformes,Spheniscidae,Eudyptes,Eudyptes robustus,,SPECIES,"Eudyptes robustus Oliver, 1953",Eudyptes robustus,,NZ,Snares Islands,Southland,PRESENT,NA,e2e717bf-551a-4917-bdc9-4fa0f342c530,-48.004623,166.54175,NA,NA,NA,NA,NA,NA,2015-03-25T00:00:00Z,25,3,2015,2481644,2481644,HUMAN_OBSERVATION,CLO,EBIRD_NZ,OBS313333309,,,NA,CC_BY_4_0,,obsr152785,NA,,2023-01-24T15:00:34Z,,CONTINENT_DERIVED_FROM_COORDINATES
1257416074,50c9509d-22c7-4a22-a47d-8c48425ef4a7,http://naturewatch.org.nz/observations/2759831,Animalia,Chordata,Aves,Sphenisciformes,Spheniscidae,Eudyptes,Eudyptes robustus,,SPECIES,"Eudyptes robustus Oliver, 1953",Eudyptes robustus,,NZ,,Otago,PRESENT,NA,28eb1a3f-1c15-4a95-931a-4af90ecb574d,-45.614331,170.535216,27142,NA,NA,NA,NA,NA,2016-03-09T00:00:00Z,9,3,2016,2481644,2481644,HUMAN_OBSERVATION,iNaturalist,Observations,2759831,,John Barkla,2016-03-09T01:30:16Z,CC0_1_0,John Barkla,John Barkla,NA,,2023-04-19T13:21:40Z,StillImage,COORDINATE_ROUNDED;CONTINENT_DERIVED_FROM_COORDINATES
